1,jsPath,controllerId,eventId,url,app,sg,so
2,"['C:', 'Users', '이재원', 'Documents', 'fsCode', 'FI_TOP_1Q-feature', 'FI_1Q_TOP', 'src', 'com', 'tmax', 'fs', 'js', 'docjl', 'Doc.js']",FI_1Q_TOPLogic,error,,,,
3,"['C:', 'Users', '이재원', 'Documents', 'fsCode', 'FI_TOP_1Q-feature', 'FI_1Q_TOP', 'src', 'com', 'tmax', 'fs', 'js', 'docjl', 'Doc.js']",DocjlLayoutLogic,approveDocuments,http://192.1.4.246:14000/FS/DOC/ApproveDoc?action=SO,http://192.1.4.246:14000/FS,DOC,ApproveDocSO
4,"['C:', 'Users', '이재원', 'Documents', 'fsCode', 'FI_TOP_1Q-feature', 'FI_1Q_TOP', 'src', 'com', 'tmax', 'fs', 'js', 'docjl', 'Doc.js']",DocjlLayoutLogic,changeSearchMethod,,,,
5,"['C:', 'Users', '이재원', 'Documents', 'fsCode', 'FI_TOP_1Q-feature', 'FI_1Q_TOP', 'src', 'com', 'tmax', 'fs', 'js', 'docjl', 'Doc.js']",DocjlLayoutLogic,focusOnYear,,,,
6,"['C:', 'Users', '이재원', 'Documents', 'fsCode', 'FI_TOP_1Q-feature', 'FI_1Q_TOP', 'src', 'com', 'tmax', 'fs', 'js', 'docjl', 'Doc.js']",FI_1Q_TOPLogic,detectDocReadToBeDeleted,,,,
7,"['C:', 'Users', '이재원', 'Documents', 'fsCode', 'FI_TOP_1Q-feature', 'FI_1Q_TOP', 'src', 'com', 'tmax', 'fs', 'js', 'docjl', 'Doc.js']",DocjlLayoutLogic,readDocListToBeMoved,${FsPo}KH/ReadDocListByRowSeq?action=SO,http://192.168.156.156:14000/FS/,KH,ReadDocListByRowSeqSO
8,"['C:', 'Users', '이재원', 'Documents', 'fsCode', 'FI_TOP_1Q-feature', 'FI_1Q_TOP', 'src', 'com', 'tmax', 'fs', 'js', 'docjl', 'Doc.js']",DocjlLayoutLogic,readDocumentByMonthRange,${FsPo}KH/ReadGeneralDocumentByMonthRange?action=SO,http://192.168.156.156:14000/FS/,KH,ReadGeneralDocumentByMonthRangeSO
9,"['C:', 'Users', '이재원', 'Documents', 'fsCode', 'FI_TOP_1Q-feature', 'FI_1Q_TOP', 'src', 'com', 'tmax', 'fs', 'js', 'docjl', 'Doc.js']",DocjlLayoutLogic,changeForMonthRange,,,,
10,"['C:', 'Users', '이재원', 'Documents', 'fsCode', 'FI_TOP_1Q-feature', 'FI_1Q_TOP', 'src', 'com', 'tmax', 'fs', 'js', 'docjl', 'Doc.js']",FI_1Q_TOPLogic,success,,,,
11,"['C:', 'Users', '이재원', 'Documents', 'fsCode', 'FI_TOP_1Q-feature', 'FI_1Q_TOP', 'src', 'com', 'tmax', 'fs', 'js', 'docjl', 'Doc.js']",DocjlLayoutLogic,enterEndMonth,,,,
12,"['C:', 'Users', '이재원', 'Documents', 'fsCode', 'FI_TOP_1Q-feature', 'FI_1Q_TOP', 'src', 'com', 'tmax', 'fs', 'js', 'docjl', 'Doc.js']",DocjlLayoutLogic,readDocumentAfterInsertUpdateDeleteDoc,,,,
13,"['C:', 'Users', '이재원', 'Documents', 'fsCode', 'FI_TOP_1Q-feature', 'FI_1Q_TOP', 'src', 'com', 'tmax', 'fs', 'js', 'docjl', 'Doc.js']",DocjlLayoutLogic,changeForDate,,,,
14,"['C:', 'Users', '이재원', 'Documents', 'fsCode', 'FI_TOP_1Q-feature', 'FI_1Q_TOP', 'src', 'com', 'tmax', 'fs', 'js', 'docjl', 'Doc.js']",DocjlLayoutLogic,enterStratMonth,,,,
15,"['C:', 'Users', '이재원', 'Documents', 'fsCode', 'FI_TOP_1Q-feature', 'FI_1Q_TOP', 'src', 'com', 'tmax', 'fs', 'js', 'docjl', 'Doc.js']",DocjlLayoutLogic,enterYear,,,,
16,"['C:', 'Users', '이재원', 'Documents', 'fsCode', 'FI_TOP_1Q-feature', 'FI_1Q_TOP', 'src', 'com', 'tmax', 'fs', 'js', 'docjl', 'Doc.js']",DocjlLayoutLogic,readDocumentByDateRange,http://192.1.4.246:14000/FS/DOC/ReadCommonDocumentByDateRange?action=SO,http://192.1.4.246:14000/FS,DOC,ReadCommonDocumentByDateRangeSO
17,"['C:', 'Users', '이재원', 'Documents', 'fsCode', 'FI_TOP_1Q-feature', 'FI_1Q_TOP', 'src', 'com', 'tmax', 'fs', 'js', 'docjl', 'Doc.js']",DocjlLayoutLogic,success,,,,
18,"['C:', 'Users', '이재원', 'Documents', 'fsCode', 'FI_TOP_1Q-feature', 'FI_1Q_TOP', 'src', 'com', 'tmax', 'fs', 'js', 'docjl', 'Doc.js']",DocjlLayoutLogic,dateObjectToYyyyMmDd,,,,
19,"['C:', 'Users', '이재원', 'Documents', 'fsCode', 'FI_TOP_1Q-feature', 'FI_1Q_TOP', 'src', 'com', 'tmax', 'fs', 'js', 'docjl', 'Doc.js']",FI_1Q_TOPLogic,postDeleteDocuments,,,,
20,"['C:', 'Users', '이재원', 'Documents', 'fsCode', 'FI_TOP_1Q-feature', 'FI_1Q_TOP', 'src', 'com', 'tmax', 'fs', 'js', 'docjl', 'Doc.js']",FI_1Q_TOPLogic,readDocumentByMonthRangeGlobal,http://192.1.4.246:14000/FS/DOC/ReadCommonDocumentByMonthRange?action=SO,http://192.1.4.246:14000/FS,DOC,ReadCommonDocumentByMonthRangeSO
21,"['C:', 'Users', '이재원', 'Documents', 'fsCode', 'FI_TOP_1Q-feature', 'FI_1Q_TOP', 'src', 'com', 'tmax', 'fs', 'js', 'docjl', 'Doc.js']",FI_1Q_TOPLogic,deleteDocuments,http://192.1.4.246:14000/FS/DOC/InsertReversalJournal?action=SO,http://192.1.4.246:14000/FS,DOC,InsertReversalJournalSO
22,"['C:', 'Users', '이재원', 'Documents', 'fsCode', 'FI_TOP_1Q-feature', 'FI_1Q_TOP', 'src', 'com', 'tmax', 'fs', 'js', 'docjl', 'Doc.js']",DocjlLayoutLogic,startDocumentInsertion,,,,
23,"['C:', 'Users', '이재원', 'Documents', 'fsCode', 'FI_TOP_1Q-feature', 'FI_1Q_TOP', 'src', 'com', 'tmax', 'fs', 'js', 'docjl', 'Doc.js']",DocjlLayoutLogic,readDocListToBeCopied,${FsPo}KH/ReadDocListByRowSeq?action=SO,http://192.168.156.156:14000/FS/,KH,ReadDocListByRowSeqSO
24,"['C:', 'Users', '이재원', 'Documents', 'fsCode', 'FI_TOP_1Q-feature', 'FI_1Q_TOP', 'src', 'com', 'tmax', 'fs', 'js', 'docjl', 'Doc.js']",DocjlLayoutLogic,error,,,,
25,"['C:', 'Users', '이재원', 'Documents', 'fsCode', 'FI_TOP_1Q-feature', 'FI_1Q_TOP', 'src', 'com', 'tmax', 'fs', 'js', 'docjl', 'Doc.js']",DocjlLayoutLogic,readDocumentUpdatable,,,,
26,"['C:', 'Users', '이재원', 'Documents', 'fsCode', 'FI_TOP_1Q-feature', 'FI_1Q_TOP', 'src', 'com', 'tmax', 'fs', 'js', 'docjl', 'DocCopy.js']",DocCopyLayoutLogic,changeDate,,,,
27,"['C:', 'Users', '이재원', 'Documents', 'fsCode', 'FI_TOP_1Q-feature', 'FI_1Q_TOP', 'src', 'com', 'tmax', 'fs', 'js', 'docjl', 'DocCopy.js']",DocCopyLayoutLogic,copyDocument,${FsPo}KH/CopyGeneralDoc?action=SO,http://192.168.156.156:14000/FS/,KH,CopyGeneralDocSO
28,"['C:', 'Users', '이재원', 'Documents', 'fsCode', 'FI_TOP_1Q-feature', 'FI_1Q_TOP', 'src', 'com', 'tmax', 'fs', 'js', 'docjl', 'DocCopy.js']",DocCopyLayoutLogic,error,,,,
29,"['C:', 'Users', '이재원', 'Documents', 'fsCode', 'FI_TOP_1Q-feature', 'FI_1Q_TOP', 'src', 'com', 'tmax', 'fs', 'js', 'docjl', 'DocCopy.js']",DocCopyLayoutLogic,readDocument,${FsPo}KH/ReadGeneralDocument?action=SO,http://192.168.156.156:14000/FS/,KH,ReadGeneralDocumentSO
30,"['C:', 'Users', '이재원', 'Documents', 'fsCode', 'FI_TOP_1Q-feature', 'FI_1Q_TOP', 'src', 'com', 'tmax', 'fs', 'js', 'docjl', 'DocCopy.js']",DocCopyLayoutLogic,success,,,,
31,"['C:', 'Users', '이재원', 'Documents', 'fsCode', 'FI_TOP_1Q-feature', 'FI_1Q_TOP', 'src', 'com', 'tmax', 'fs', 'js', 'docjl', 'DocCopy.js']",DocCopyLayoutLogic,copyDocument,${FsPo}KH/CopySalesDoc?action=SO,http://192.168.156.156:14000/FS/,KH,CopySalesDocSO
32,"['C:', 'Users', '이재원', 'Documents', 'fsCode', 'FI_TOP_1Q-feature', 'FI_1Q_TOP', 'src', 'com', 'tmax', 'fs', 'js', 'docjl', 'DocCopy.js']",DocCopyLayoutLogic,readDocument,${FsPo}KH/ReadSingleSalesDocument?action=SO,http://192.168.156.156:14000/FS/,KH,ReadSingleSalesDocumentSO
33,"['C:', 'Users', '이재원', 'Documents', 'fsCode', 'FI_TOP_1Q-feature', 'FI_1Q_TOP', 'src', 'com', 'tmax', 'fs', 'js', 'docjl', 'DocCopy.js']",DocCopyLayoutLogic,changeDocSalesProduct,,,,
34,"['C:', 'Users', '이재원', 'Documents', 'fsCode', 'FI_TOP_1Q-feature', 'FI_1Q_TOP', 'src', 'com', 'tmax', 'fs', 'js', 'docjl', 'DocCopy.js']",DocCopyLayoutLogic,asdf,,,,
35,"['C:', 'Users', '이재원', 'Documents', 'fsCode', 'FI_TOP_1Q-feature', 'FI_1Q_TOP', 'src', 'com', 'tmax', 'fs', 'js', 'docjl', 'DocCopy.js']",DocCopyLayoutLogic,changeJournalCopy,,,,
36,"['C:', 'Users', '이재원', 'Documents', 'fsCode', 'FI_TOP_1Q-feature', 'FI_1Q_TOP', 'src', 'com', 'tmax', 'fs', 'js', 'docjl', 'DocCopy.js']",FI_1Q_TOPLogic,closeDocCopyLayoutDialog,,,,
37,"['C:', 'Users', '이재원', 'Documents', 'fsCode', 'FI_TOP_1Q-feature', 'FI_1Q_TOP', 'src', 'com', 'tmax', 'fs', 'js', 'docjl', 'DocCopy.js']",DocCopyLayoutLogic,changeAbstract,,,,
38,"['C:', 'Users', '이재원', 'Documents', 'fsCode', 'FI_TOP_1Q-feature', 'FI_1Q_TOP', 'src', 'com', 'tmax', 'fs', 'js', 'docjl', 'DocDebitCredit.js']",DocjlCheckDebitCreditLayoutLogic,closeDialog,,,,
39,"['C:', 'Users', '이재원', 'Documents', 'fsCode', 'FI_TOP_1Q-feature', 'FI_1Q_TOP', 'src', 'com', 'tmax', 'fs', 'js', 'docjl', 'DocDebitCredit.js']",DocjlCheckDebitCreditLayoutLogic,continueToInsertOrUpdate,,,,
40,"['C:', 'Users', '이재원', 'Documents', 'fsCode', 'FI_TOP_1Q-feature', 'FI_1Q_TOP', 'src', 'com', 'tmax', 'fs', 'js', 'docjl', 'DocMove.js']",DocMoveLayoutLogic,moveDocument,${FsPo}KH/MoveGeneralDoc?action=SO,http://192.168.156.156:14000/FS/,KH,MoveGeneralDocSO
41,"['C:', 'Users', '이재원', 'Documents', 'fsCode', 'FI_TOP_1Q-feature', 'FI_1Q_TOP', 'src', 'com', 'tmax', 'fs', 'js', 'docjl', 'DocMove.js']",DocMoveLayoutLogic,changeDocSalesProduct,,,,
42,"['C:', 'Users', '이재원', 'Documents', 'fsCode', 'FI_TOP_1Q-feature', 'FI_1Q_TOP', 'src', 'com', 'tmax', 'fs', 'js', 'docjl', 'DocMove.js']",DocMoveLayoutLogic,success,,,,
43,"['C:', 'Users', '이재원', 'Documents', 'fsCode', 'FI_TOP_1Q-feature', 'FI_1Q_TOP', 'src', 'com', 'tmax', 'fs', 'js', 'docjl', 'DocMove.js']",DocMoveLayoutLogic,error,,,,
44,"['C:', 'Users', '이재원', 'Documents', 'fsCode', 'FI_TOP_1Q-feature', 'FI_1Q_TOP', 'src', 'com', 'tmax', 'fs', 'js', 'docjl', 'DocMove.js']",DocMoveLayoutLogic,readDocument,${FsPo}KH/ReadSingleSalesDocument?action=SO,http://192.168.156.156:14000/FS/,KH,ReadSingleSalesDocumentSO
45,"['C:', 'Users', '이재원', 'Documents', 'fsCode', 'FI_TOP_1Q-feature', 'FI_1Q_TOP', 'src', 'com', 'tmax', 'fs', 'js', 'docjl', 'DocMove.js']",DocMoveLayoutLogic,moveDocument,${FsPo}KH/MoveSalesDoc?action=SO,http://192.168.156.156:14000/FS/,KH,MoveSalesDocSO
46,"['C:', 'Users', '이재원', 'Documents', 'fsCode', 'FI_TOP_1Q-feature', 'FI_1Q_TOP', 'src', 'com', 'tmax', 'fs', 'js', 'docjl', 'DocMove.js']",DocMoveLayoutLogic,readDocument,${FsPo}KH/ReadGeneralDocument?action=SO,http://192.168.156.156:14000/FS/,KH,ReadGeneralDocumentSO
47,"['C:', 'Users', '이재원', 'Documents', 'fsCode', 'FI_TOP_1Q-feature', 'FI_1Q_TOP', 'src', 'com', 'tmax', 'fs', 'js', 'docjl', 'DocMove.js']",DocMoveLayoutLogic,changeDate,,,,
48,"['C:', 'Users', '이재원', 'Documents', 'fsCode', 'FI_TOP_1Q-feature', 'FI_1Q_TOP', 'src', 'com', 'tmax', 'fs', 'js', 'docjl', 'DocMove.js']",DocMoveLayoutLogic,changeAbstract,,,,
49,"['C:', 'Users', '이재원', 'Documents', 'fsCode', 'FI_TOP_1Q-feature', 'FI_1Q_TOP', 'src', 'com', 'tmax', 'fs', 'js', 'docjl', 'DocProduct.js']",DocProductLayoutLogic,updateDocUnitPrice,,,,
50,"['C:', 'Users', '이재원', 'Documents', 'fsCode', 'FI_TOP_1Q-feature', 'FI_1Q_TOP', 'src', 'com', 'tmax', 'fs', 'js', 'docjl', 'DocProduct.js']",DocProductLayoutLogic,updateDocQuantity,,,,
51,"['C:', 'Users', '이재원', 'Documents', 'fsCode', 'FI_TOP_1Q-feature', 'FI_1Q_TOP', 'src', 'com', 'tmax', 'fs', 'js', 'docjl', 'DocProduct.js']",DocProductLayoutLogic,deleteDocProduct,,,,
52,"['C:', 'Users', '이재원', 'Documents', 'fsCode', 'FI_TOP_1Q-feature', 'FI_1Q_TOP', 'src', 'com', 'tmax', 'fs', 'js', 'docjl', 'DocProduct.js']",DocProductLayoutLogic,autoCompleteProductCode,${FsPo}JJ/SearchProduct?action=SO,http://192.168.156.156:14000/FS/,JJ,SearchProductSO
53,"['C:', 'Users', '이재원', 'Documents', 'fsCode', 'FI_TOP_1Q-feature', 'FI_1Q_TOP', 'src', 'com', 'tmax', 'fs', 'js', 'docjl', 'DocProduct.js']",DocProductLayoutLogic,updateDocProductVat,,,,
54,"['C:', 'Users', '이재원', 'Documents', 'fsCode', 'FI_TOP_1Q-feature', 'FI_1Q_TOP', 'src', 'com', 'tmax', 'fs', 'js', 'docjl', 'DocProduct.js']",DocProductLayoutLogic,onFocusLostDocProductVat,,,,
55,"['C:', 'Users', '이재원', 'Documents', 'fsCode', 'FI_TOP_1Q-feature', 'FI_1Q_TOP', 'src', 'com', 'tmax', 'fs', 'js', 'docjl', 'DocProduct.js']",DocProductLayoutLogic,updateDocProductName,,,,
56,"['C:', 'Users', '이재원', 'Documents', 'fsCode', 'FI_TOP_1Q-feature', 'FI_1Q_TOP', 'src', 'com', 'tmax', 'fs', 'js', 'docjl', 'DocProduct.js']",DocProductLayoutLogic,success,,,,
57,"['C:', 'Users', '이재원', 'Documents', 'fsCode', 'FI_TOP_1Q-feature', 'FI_1Q_TOP', 'src', 'com', 'tmax', 'fs', 'js', 'docjl', 'DocProduct.js']",DocProductLayoutLogic,updateRemark,,,,
58,"['C:', 'Users', '이재원', 'Documents', 'fsCode', 'FI_TOP_1Q-feature', 'FI_1Q_TOP', 'src', 'com', 'tmax', 'fs', 'js', 'docjl', 'DocProduct.js']",FI_1Q_TOPLogic,openDocProduct,,,,
59,"['C:', 'Users', '이재원', 'Documents', 'fsCode', 'FI_TOP_1Q-feature', 'FI_1Q_TOP', 'src', 'com', 'tmax', 'fs', 'js', 'docjl', 'DocProduct.js']",DocProductLayoutLogic,updateDocProduct,,,,
60,"['C:', 'Users', '이재원', 'Documents', 'fsCode', 'FI_TOP_1Q-feature', 'FI_1Q_TOP', 'src', 'com', 'tmax', 'fs', 'js', 'docjl', 'DocProduct.js']",DocProductLayoutLogic,selectAll,,,,
61,"['C:', 'Users', '이재원', 'Documents', 'fsCode', 'FI_TOP_1Q-feature', 'FI_1Q_TOP', 'src', 'com', 'tmax', 'fs', 'js', 'docjl', 'DocProduct.js']",FI_1Q_TOPLogic,cancelDocProduct,,,,
62,"['C:', 'Users', '이재원', 'Documents', 'fsCode', 'FI_TOP_1Q-feature', 'FI_1Q_TOP', 'src', 'com', 'tmax', 'fs', 'js', 'docjl', 'DocProduct.js']",DocProductLayoutLogic,addProduct,,,,
63,"['C:', 'Users', '이재원', 'Documents', 'fsCode', 'FI_TOP_1Q-feature', 'FI_1Q_TOP', 'src', 'com', 'tmax', 'fs', 'js', 'docjl', 'DocProduct.js']",DocProductLayoutLogic,onFocusDocProductVat,,,,
64,"['C:', 'Users', '이재원', 'Documents', 'fsCode', 'FI_TOP_1Q-feature', 'FI_1Q_TOP', 'src', 'com', 'tmax', 'fs', 'js', 'docjl', 'DocProduct.js']",DocProductLayoutLogic,error,,,,
65,"['C:', 'Users', '이재원', 'Documents', 'fsCode', 'FI_TOP_1Q-feature', 'FI_1Q_TOP', 'src', 'com', 'tmax', 'fs', 'js', 'docjl', 'Document.js']",DocjlInsertLayoutLogic,error,,,,
66,"['C:', 'Users', '이재원', 'Documents', 'fsCode', 'FI_TOP_1Q-feature', 'FI_1Q_TOP', 'src', 'com', 'tmax', 'fs', 'js', 'docjl', 'Document.js']",DocjlInsertLayoutLogic,success,${FsPo}KH/ReadDocProduct?action=SO,http://192.168.156.156:14000/FS/,KH,ReadDocProductSO
67,"['C:', 'Users', '이재원', 'Documents', 'fsCode', 'FI_TOP_1Q-feature', 'FI_1Q_TOP', 'src', 'com', 'tmax', 'fs', 'js', 'docjl', 'Document.js']",DocjlInsertLayoutLogic,getInputDocJournal,,,,
68,"['C:', 'Users', '이재원', 'Documents', 'fsCode', 'FI_TOP_1Q-feature', 'FI_1Q_TOP', 'src', 'com', 'tmax', 'fs', 'js', 'docjl', 'Document.js']",DocjlInsertLayoutLogic,checknecessaryFields,,,,
69,"['C:', 'Users', '이재원', 'Documents', 'fsCode', 'FI_TOP_1Q-feature', 'FI_1Q_TOP', 'src', 'com', 'tmax', 'fs', 'js', 'docjl', 'Document.js']",DocjlInsertLayoutLogic,getInputDocProduct,,,,
70,"['C:', 'Users', '이재원', 'Documents', 'fsCode', 'FI_TOP_1Q-feature', 'FI_1Q_TOP', 'src', 'com', 'tmax', 'fs', 'js', 'docjl', 'Document.js']",DocjlInsertLayoutLogic,updateDocument,${FsPo}KH/UpdateSalesDoc?action=SO,http://192.168.156.156:14000/FS/,KH,UpdateSalesDocSO
71,"['C:', 'Users', '이재원', 'Documents', 'fsCode', 'FI_TOP_1Q-feature', 'FI_1Q_TOP', 'src', 'com', 'tmax', 'fs', 'js', 'docjl', 'Document.js']",DocjlInsertLayoutLogic,insertDocument,http://192.1.4.246:14000/FS/DOC/InsertDocument?action=SO,http://192.1.4.246:14000/FS,DOC,InsertDocumentSO
72,"['C:', 'Users', '이재원', 'Documents', 'fsCode', 'FI_TOP_1Q-feature', 'FI_1Q_TOP', 'src', 'com', 'tmax', 'fs', 'js', 'docjl', 'Document.js']",DocjlInsertLayoutLogic,sumDebitCredit,,,,
73,"['C:', 'Users', '이재원', 'Documents', 'fsCode', 'FI_TOP_1Q-feature', 'FI_1Q_TOP', 'src', 'com', 'tmax', 'fs', 'js', 'docjl', 'Document.js']",DocjlInsertLayoutLogic,insertDocument,${FsPo}KH/InsertSalesDoc?action=SO,http://192.168.156.156:14000/FS/,KH,InsertSalesDocSO
74,"['C:', 'Users', '이재원', 'Documents', 'fsCode', 'FI_TOP_1Q-feature', 'FI_1Q_TOP', 'src', 'com', 'tmax', 'fs', 'js', 'docjl', 'Document.js']",DocjlInsertLayoutLogic,readDocument,${FsPo}KH/ReadDocProduct?action=SO,http://192.168.156.156:14000/FS/,KH,ReadDocProductSO
75,"['C:', 'Users', '이재원', 'Documents', 'fsCode', 'FI_TOP_1Q-feature', 'FI_1Q_TOP', 'src', 'com', 'tmax', 'fs', 'js', 'docjl', 'Document.js']",DocjlInsertLayoutLogic,updateDocument,${FsPo}KH/UpdateGeneralDoc?action=SO,http://192.168.156.156:14000/FS/,KH,UpdateGeneralDocSO
76,"['C:', 'Users', '이재원', 'Documents', 'fsCode', 'FI_TOP_1Q-feature', 'FI_1Q_TOP', 'src', 'com', 'tmax', 'fs', 'js', 'docjl', 'Document.js']",DocjlInsertLayoutLogic,getInputDocSalesJoin,,,,
77,"['C:', 'Users', '이재원', 'Documents', 'fsCode', 'FI_TOP_1Q-feature', 'FI_1Q_TOP', 'src', 'com', 'tmax', 'fs', 'js', 'docjl', 'Document.js']",DocjlInsertLayoutLogic,success,${FsPo}KH/ReadDocSalesTypeList?action=SO,http://192.168.156.156:14000/FS/,KH,ReadDocSalesTypeListSO
78,"['C:', 'Users', '이재원', 'Documents', 'fsCode', 'FI_TOP_1Q-feature', 'FI_1Q_TOP', 'src', 'com', 'tmax', 'fs', 'js', 'docjl', 'Document.js']",DocjlInsertLayoutLogic,readDocument,${FsPo}KH/ReadSingleSalesDocument?action=SO,http://192.168.156.156:14000/FS/,KH,ReadSingleSalesDocumentSO
79,"['C:', 'Users', '이재원', 'Documents', 'fsCode', 'FI_TOP_1Q-feature', 'FI_1Q_TOP', 'src', 'com', 'tmax', 'fs', 'js', 'docjl', 'Document.js']",DocjlInsertLayoutLogic,readDocument,${FsPo}KH/ReadDocSalesTypeList?action=SO,http://192.168.156.156:14000/FS/,KH,ReadDocSalesTypeListSO
80,"['C:', 'Users', '이재원', 'Documents', 'fsCode', 'FI_TOP_1Q-feature', 'FI_1Q_TOP', 'src', 'com', 'tmax', 'fs', 'js', 'docjl', 'Document.js']",DocjlInsertLayoutLogic,readDocument,${FsPo}KH/ReadGeneralDocument?action=SO,http://192.168.156.156:14000/FS/,KH,ReadGeneralDocumentSO
81,"['C:', 'Users', '이재원', 'Documents', 'fsCode', 'FI_TOP_1Q-feature', 'FI_1Q_TOP', 'src', 'com', 'tmax', 'fs', 'js', 'docjl', 'Document.js']",DocjlInsertLayoutLogic,getInputDoc,,,,
82,"['C:', 'Users', '이재원', 'Documents', 'fsCode', 'FI_TOP_1Q-feature', 'FI_1Q_TOP', 'src', 'com', 'tmax', 'fs', 'js', 'docjl', 'Document.js']",DocjlInsertLayoutLogic,checkDebitCreditSum,,,,
83,"['C:', 'Users', '이재원', 'Documents', 'fsCode', 'FI_TOP_1Q-feature', 'FI_1Q_TOP', 'src', 'com', 'tmax', 'fs', 'js', 'docjl', 'DocumentInit.js']",DocjlInsertLayoutLogic,readDocSalesJournalType,${FsPo}KH/ReadDocSalesJournalList?action=SO,http://192.168.156.156:14000/FS/,KH,ReadDocSalesJournalListSO
84,"['C:', 'Users', '이재원', 'Documents', 'fsCode', 'FI_TOP_1Q-feature', 'FI_1Q_TOP', 'src', 'com', 'tmax', 'fs', 'js', 'docjl', 'DocumentInit.js']",DocjlInsertLayoutLogic,success,,,,
85,"['C:', 'Users', '이재원', 'Documents', 'fsCode', 'FI_TOP_1Q-feature', 'FI_1Q_TOP', 'src', 'com', 'tmax', 'fs', 'js', 'docjl', 'DocumentInit.js']",DocjlInsertLayoutLogic,error,,,,
86,"['C:', 'Users', '이재원', 'Documents', 'fsCode', 'FI_TOP_1Q-feature', 'FI_1Q_TOP', 'src', 'com', 'tmax', 'fs', 'js', 'docjl', 'DocumentInit.js']",DocjlInsertLayoutLogic,resetDocjlInsertLayout,,,,
87,"['C:', 'Users', '이재원', 'Documents', 'fsCode', 'FI_TOP_1Q-feature', 'FI_1Q_TOP', 'src', 'com', 'tmax', 'fs', 'js', 'docjl', 'DocumentInit.js']",DocjlInsertLayoutLogic,readDocData,,,,
88,"['C:', 'Users', '이재원', 'Documents', 'fsCode', 'FI_TOP_1Q-feature', 'FI_1Q_TOP', 'src', 'com', 'tmax', 'fs', 'js', 'docjl', 'DocumentInit.js']",DocjlInsertLayoutLogic,readDocSalesType,${FsPo}KH/ReadDocSalesTypeList?action=SO,http://192.168.156.156:14000/FS/,KH,ReadDocSalesTypeListSO
89,"['C:', 'Users', '이재원', 'Documents', 'fsCode', 'FI_TOP_1Q-feature', 'FI_1Q_TOP', 'src', 'com', 'tmax', 'fs', 'js', 'docjl', 'DocumentInit.js']",DocjlInsertLayoutLogic,readVatnondeductible,${FsPo}KH/ReadVatnondeductible?action=SO,http://192.168.156.156:14000/FS/,KH,ReadVatnondeductibleSO
90,"['C:', 'Users', '이재원', 'Documents', 'fsCode', 'FI_TOP_1Q-feature', 'FI_1Q_TOP', 'src', 'com', 'tmax', 'fs', 'js', 'docjl', 'DocumentVisualize.js']",DocjlInsertLayoutLogic,docTypeChanged,,,,
91,"['C:', 'Users', '이재원', 'Documents', 'fsCode', 'FI_TOP_1Q-feature', 'FI_1Q_TOP', 'src', 'com', 'tmax', 'fs', 'js', 'docjl', 'DocumentVisualize.js']",DocjlInsertLayoutLogic,resetDocDetailData,,,,
92,"['C:', 'Users', '이재원', 'Documents', 'fsCode', 'FI_TOP_1Q-feature', 'FI_1Q_TOP', 'src', 'com', 'tmax', 'fs', 'js', 'docjl', 'DocumentVisualize.js']",DocjlInsertLayoutLogic,updateDocSalesVatTotoaAmount,,,,
93,"['C:', 'Users', '이재원', 'Documents', 'fsCode', 'FI_TOP_1Q-feature', 'FI_1Q_TOP', 'src', 'com', 'tmax', 'fs', 'js', 'docjl', 'DocumentVisualize.js']",DocjlInsertLayoutLogic,autoCompleteAccountCode,,,,
94,"['C:', 'Users', '이재원', 'Documents', 'fsCode', 'FI_TOP_1Q-feature', 'FI_1Q_TOP', 'src', 'com', 'tmax', 'fs', 'js', 'docjl', 'DocumentVisualize.js']",DocjlInsertLayoutLogic,autoCompleteDocJournalType,,,,
95,"['C:', 'Users', '이재원', 'Documents', 'fsCode', 'FI_TOP_1Q-feature', 'FI_1Q_TOP', 'src', 'com', 'tmax', 'fs', 'js', 'docjl', 'DocumentVisualize.js']",DocjlInsertLayoutLogic,resetDocjlInsertLayout,,,,
96,"['C:', 'Users', '이재원', 'Documents', 'fsCode', 'FI_TOP_1Q-feature', 'FI_1Q_TOP', 'src', 'com', 'tmax', 'fs', 'js', 'docjl', 'DocumentVisualize.js']",DocjlInsertLayoutLogic,updateProjectName,,,,
97,"['C:', 'Users', '이재원', 'Documents', 'fsCode', 'FI_TOP_1Q-feature', 'FI_1Q_TOP', 'src', 'com', 'tmax', 'fs', 'js', 'docjl', 'DocumentVisualize.js']",DocjlInsertLayoutLogic,openProjectDialog,,,,
98,"['C:', 'Users', '이재원', 'Documents', 'fsCode', 'FI_TOP_1Q-feature', 'FI_1Q_TOP', 'src', 'com', 'tmax', 'fs', 'js', 'docjl', 'DocumentVisualize.js']",DocjlInsertLayoutLogic,vatNondeductibleSelected,,,,
99,"['C:', 'Users', '이재원', 'Documents', 'fsCode', 'FI_TOP_1Q-feature', 'FI_1Q_TOP', 'src', 'com', 'tmax', 'fs', 'js', 'docjl', 'DocumentVisualize.js']",DocjlInsertLayoutLogic,error,,,,
100,"['C:', 'Users', '이재원', 'Documents', 'fsCode', 'FI_TOP_1Q-feature', 'FI_1Q_TOP', 'src', 'com', 'tmax', 'fs', 'js', 'docjl', 'DocumentVisualize.js']",DocjlInsertLayoutLogic,changeDocjlLayoutForGeneralDoc,,,,
101,"['C:', 'Users', '이재원', 'Documents', 'fsCode', 'FI_TOP_1Q-feature', 'FI_1Q_TOP', 'src', 'com', 'tmax', 'fs', 'js', 'docjl', 'DocumentVisualize.js']",DocjlInsertLayoutLogic,updateDocSalesClient,,,,
102,"['C:', 'Users', '이재원', 'Documents', 'fsCode', 'FI_TOP_1Q-feature', 'FI_1Q_TOP', 'src', 'com', 'tmax', 'fs', 'js', 'docjl', 'DocumentVisualize.js']",DocjlInsertLayoutLogic,onAttachDocType,,,,
103,"['C:', 'Users', '이재원', 'Documents', 'fsCode', 'FI_TOP_1Q-feature', 'FI_1Q_TOP', 'src', 'com', 'tmax', 'fs', 'js', 'docjl', 'DocumentVisualize.js']",DocjlInsertLayoutLogic,updateVatNondeductible,,,,
104,"['C:', 'Users', '이재원', 'Documents', 'fsCode', 'FI_TOP_1Q-feature', 'FI_1Q_TOP', 'src', 'com', 'tmax', 'fs', 'js', 'docjl', 'DocumentVisualize.js']",DocjlInsertLayoutLogic,onFocusLostAbstractCode,,,,
105,"['C:', 'Users', '이재원', 'Documents', 'fsCode', 'FI_TOP_1Q-feature', 'FI_1Q_TOP', 'src', 'com', 'tmax', 'fs', 'js', 'docjl', 'DocumentVisualize.js']",DocjlInsertLayoutLogic,resetDocData,,,,
106,"['C:', 'Users', '이재원', 'Documents', 'fsCode', 'FI_TOP_1Q-feature', 'FI_1Q_TOP', 'src', 'com', 'tmax', 'fs', 'js', 'docjl', 'DocumentVisualize.js']",DocjlInsertLayoutLogic,updateProject,,,,
107,"['C:', 'Users', '이재원', 'Documents', 'fsCode', 'FI_TOP_1Q-feature', 'FI_1Q_TOP', 'src', 'com', 'tmax', 'fs', 'js', 'docjl', 'DocumentVisualize.js']",DocjlInsertLayoutLogic,generateDocSalesJournal,${FsPo}KH/GenerateDocSalesJournal?action=SO,http://192.168.156.156:14000/FS/,KH,GenerateDocSalesJournalSO
108,"['C:', 'Users', '이재원', 'Documents', 'fsCode', 'FI_TOP_1Q-feature', 'FI_1Q_TOP', 'src', 'com', 'tmax', 'fs', 'js', 'docjl', 'DocumentVisualize.js']",DocjlInsertLayoutLogic,emptyAccountCode,,,,
109,"['C:', 'Users', '이재원', 'Documents', 'fsCode', 'FI_TOP_1Q-feature', 'FI_1Q_TOP', 'src', 'com', 'tmax', 'fs', 'js', 'docjl', 'DocumentVisualize.js']",DocjlInsertLayoutLogic,onChangeClientNo,,,,
110,"['C:', 'Users', '이재원', 'Documents', 'fsCode', 'FI_TOP_1Q-feature', 'FI_1Q_TOP', 'src', 'com', 'tmax', 'fs', 'js', 'docjl', 'DocumentVisualize.js']",DocjlInsertLayoutLogic,updateDocJournalCredit,,,,
111,"['C:', 'Users', '이재원', 'Documents', 'fsCode', 'FI_TOP_1Q-feature', 'FI_1Q_TOP', 'src', 'com', 'tmax', 'fs', 'js', 'docjl', 'DocumentVisualize.js']",DocjlInsertLayoutLogic,updateDocJournalDebit,,,,
112,"['C:', 'Users', '이재원', 'Documents', 'fsCode', 'FI_TOP_1Q-feature', 'FI_1Q_TOP', 'src', 'com', 'tmax', 'fs', 'js', 'docjl', 'DocumentVisualize.js']",DocjlInsertLayoutLogic,updateDocSalesProductName,,,,
113,"['C:', 'Users', '이재원', 'Documents', 'fsCode', 'FI_TOP_1Q-feature', 'FI_1Q_TOP', 'src', 'com', 'tmax', 'fs', 'js', 'docjl', 'DocumentVisualize.js']",DocjlInsertLayoutLogic,openClientDialogJournal,,,,
114,"['C:', 'Users', '이재원', 'Documents', 'fsCode', 'FI_TOP_1Q-feature', 'FI_1Q_TOP', 'src', 'com', 'tmax', 'fs', 'js', 'docjl', 'DocumentVisualize.js']",DocjlInsertLayoutLogic,deleteDocJournal,,,,
115,"['C:', 'Users', '이재원', 'Documents', 'fsCode', 'FI_TOP_1Q-feature', 'FI_1Q_TOP', 'src', 'com', 'tmax', 'fs', 'js', 'docjl', 'DocumentVisualize.js']",DocjlInsertLayoutLogic,checkDocProduct,,,,
116,"['C:', 'Users', '이재원', 'Documents', 'fsCode', 'FI_TOP_1Q-feature', 'FI_1Q_TOP', 'src', 'com', 'tmax', 'fs', 'js', 'docjl', 'DocumentVisualize.js']",DocjlInsertLayoutLogic,changeDocjlLayoutForSalesDoc,,,,
117,"['C:', 'Users', '이재원', 'Documents', 'fsCode', 'FI_TOP_1Q-feature', 'FI_1Q_TOP', 'src', 'com', 'tmax', 'fs', 'js', 'docjl', 'DocumentVisualize.js']",DocjlInsertLayoutLogic,updateDocJournalClient,,,,
118,"['C:', 'Users', '이재원', 'Documents', 'fsCode', 'FI_TOP_1Q-feature', 'FI_1Q_TOP', 'src', 'com', 'tmax', 'fs', 'js', 'docjl', 'DocumentVisualize.js']",DocjlInsertLayoutLogic,updateDocSalesElecTax,,,,
119,"['C:', 'Users', '이재원', 'Documents', 'fsCode', 'FI_TOP_1Q-feature', 'FI_1Q_TOP', 'src', 'com', 'tmax', 'fs', 'js', 'docjl', 'DocumentVisualize.js']",DocjlInsertLayoutLogic,resetDocjlInsertLayoutSales,,,,
120,"['C:', 'Users', '이재원', 'Documents', 'fsCode', 'FI_TOP_1Q-feature', 'FI_1Q_TOP', 'src', 'com', 'tmax', 'fs', 'js', 'docjl', 'DocumentVisualize.js']",DocjlInsertLayoutLogic,autoCompleteAbstractID,${FsPo}HB/ReadAbsNameByAbsCodeSub?action=SO,http://192.168.156.156:14000/FS/,HB,ReadAbsNameByAbsCodeSubSO
121,"['C:', 'Users', '이재원', 'Documents', 'fsCode', 'FI_TOP_1Q-feature', 'FI_1Q_TOP', 'src', 'com', 'tmax', 'fs', 'js', 'docjl', 'DocumentVisualize.js']",DocjlInsertLayoutLogic,updateDocJournalAbstract,,,,
122,"['C:', 'Users', '이재원', 'Documents', 'fsCode', 'FI_TOP_1Q-feature', 'FI_1Q_TOP', 'src', 'com', 'tmax', 'fs', 'js', 'docjl', 'DocumentVisualize.js']",DocjlInsertLayoutLogic,resetDocTables,,,,
123,"['C:', 'Users', '이재원', 'Documents', 'fsCode', 'FI_TOP_1Q-feature', 'FI_1Q_TOP', 'src', 'com', 'tmax', 'fs', 'js', 'docjl', 'DocumentVisualize.js']",DocjlInsertLayoutLogic,autoCompleteEmployee,,,,
124,"['C:', 'Users', '이재원', 'Documents', 'fsCode', 'FI_TOP_1Q-feature', 'FI_1Q_TOP', 'src', 'com', 'tmax', 'fs', 'js', 'docjl', 'DocumentVisualize.js']",DocjlInsertLayoutLogic,onFocusVat,,,,
125,"['C:', 'Users', '이재원', 'Documents', 'fsCode', 'FI_TOP_1Q-feature', 'FI_1Q_TOP', 'src', 'com', 'tmax', 'fs', 'js', 'docjl', 'DocumentVisualize.js']",DocjlInsertLayoutLogic,openClientDialog,,,,
126,"['C:', 'Users', '이재원', 'Documents', 'fsCode', 'FI_TOP_1Q-feature', 'FI_1Q_TOP', 'src', 'com', 'tmax', 'fs', 'js', 'docjl', 'DocumentVisualize.js']",DocjlInsertLayoutLogic,updateEmployee,,,,
127,"['C:', 'Users', '이재원', 'Documents', 'fsCode', 'FI_TOP_1Q-feature', 'FI_1Q_TOP', 'src', 'com', 'tmax', 'fs', 'js', 'docjl', 'DocumentVisualize.js']",DocjlInsertLayoutLogic,autoCompleteAbstractID,${FsPo}HB/ReadAbsNameByAbsCodeCash?action=SO,http://192.168.156.156:14000/FS/,HB,ReadAbsNameByAbsCodeCashSO
128,"['C:', 'Users', '이재원', 'Documents', 'fsCode', 'FI_TOP_1Q-feature', 'FI_1Q_TOP', 'src', 'com', 'tmax', 'fs', 'js', 'docjl', 'DocumentVisualize.js']",DocjlInsertLayoutLogic,onFocusDocJournalAbstract,,,,
129,"['C:', 'Users', '이재원', 'Documents', 'fsCode', 'FI_TOP_1Q-feature', 'FI_1Q_TOP', 'src', 'com', 'tmax', 'fs', 'js', 'docjl', 'DocumentVisualize.js']",DocjlInsertLayoutLogic,changeDocjlLayoutToInit,,,,
130,"['C:', 'Users', '이재원', 'Documents', 'fsCode', 'FI_TOP_1Q-feature', 'FI_1Q_TOP', 'src', 'com', 'tmax', 'fs', 'js', 'docjl', 'DocumentVisualize.js']",DocjlInsertLayoutLogic,updateDocDate,,,,
131,"['C:', 'Users', '이재원', 'Documents', 'fsCode', 'FI_TOP_1Q-feature', 'FI_1Q_TOP', 'src', 'com', 'tmax', 'fs', 'js', 'docjl', 'DocumentVisualize.js']",DocjlInsertLayoutLogic,success,,,,
132,"['C:', 'Users', '이재원', 'Documents', 'fsCode', 'FI_TOP_1Q-feature', 'FI_1Q_TOP', 'src', 'com', 'tmax', 'fs', 'js', 'docjl', 'DocumentVisualize.js']",DocjlInsertLayoutLogic,openDocProductDialog,,,,
133,"['C:', 'Users', '이재원', 'Documents', 'fsCode', 'FI_TOP_1Q-feature', 'FI_1Q_TOP', 'src', 'com', 'tmax', 'fs', 'js', 'docjl', 'DocumentVisualize.js']",DocjlInsertLayoutLogic,dynamicMonetaryValueConverter,,,,
134,"['C:', 'Users', '이재원', 'Documents', 'fsCode', 'FI_TOP_1Q-feature', 'FI_1Q_TOP', 'src', 'com', 'tmax', 'fs', 'js', 'docjl', 'DocumentVisualize.js']",DocjlInsertLayoutLogic,onFocusAccountName,,,,
135,"['C:', 'Users', '이재원', 'Documents', 'fsCode', 'FI_TOP_1Q-feature', 'FI_1Q_TOP', 'src', 'com', 'tmax', 'fs', 'js', 'docjl', 'DocumentVisualize.js']",DocjlInsertLayoutLogic,onAttachVatNondeductible,,,,
136,"['C:', 'Users', '이재원', 'Documents', 'fsCode', 'FI_TOP_1Q-feature', 'FI_1Q_TOP', 'src', 'com', 'tmax', 'fs', 'js', 'docjl', 'DocumentVisualize.js']",DocjlInsertLayoutLogic,updateDocSalesTotalPriceVat,,,,
137,"['C:', 'Users', '이재원', 'Documents', 'fsCode', 'FI_TOP_1Q-feature', 'FI_1Q_TOP', 'src', 'com', 'tmax', 'fs', 'js', 'docjl', 'DocumentVisualize.js']",DocjlInsertLayoutLogic,addDocJournal,,,,
138,"['C:', 'Users', '이재원', 'Documents', 'fsCode', 'FI_TOP_1Q-feature', 'FI_1Q_TOP', 'src', 'com', 'tmax', 'fs', 'js', 'docjl', 'DocumentVisualize.js']",DocjlInsertLayoutLogic,onAttachDocSalesJournal,,,,
139,"['C:', 'Users', '이재원', 'Documents', 'fsCode', 'FI_TOP_1Q-feature', 'FI_1Q_TOP', 'src', 'com', 'tmax', 'fs', 'js', 'fixedasset', 'fixedassetmanage_dialog.js']",FixedAssetManageHelpLayoutLogic,enterDialog,,,,
140,"['C:', 'Users', '이재원', 'Documents', 'fsCode', 'FI_TOP_1Q-feature', 'FI_1Q_TOP', 'src', 'com', 'tmax', 'fs', 'js', 'fixedasset', 'fixedassetmanage_dialog.js']",FixedAssetManageHelpLayoutLogic,searchPart,,,,
141,"['C:', 'Users', '이재원', 'Documents', 'fsCode', 'FI_TOP_1Q-feature', 'FI_1Q_TOP', 'src', 'com', 'tmax', 'fs', 'js', 'fixedasset', 'fixedassetmanage_dialog.js']",FixedAssetManageAddLayoutLogic,success,,,,
142,"['C:', 'Users', '이재원', 'Documents', 'fsCode', 'FI_TOP_1Q-feature', 'FI_1Q_TOP', 'src', 'com', 'tmax', 'fs', 'js', 'fixedasset', 'fixedassetmanage_dialog.js']",FixedAssetManageAddLayoutLogic,enterFixedassetName_add,,,,
143,"['C:', 'Users', '이재원', 'Documents', 'fsCode', 'FI_TOP_1Q-feature', 'FI_1Q_TOP', 'src', 'com', 'tmax', 'fs', 'js', 'fixedasset', 'fixedassetmanage_dialog.js']",FixedAssetManageAddLayoutLogic,enterAccountCode_add,,,,
144,"['C:', 'Users', '이재원', 'Documents', 'fsCode', 'FI_TOP_1Q-feature', 'FI_1Q_TOP', 'src', 'com', 'tmax', 'fs', 'js', 'fixedasset', 'fixedassetmanage_dialog.js']",FixedAssetManageLayoutLogic,openAddDialog,,,,
145,"['C:', 'Users', '이재원', 'Documents', 'fsCode', 'FI_TOP_1Q-feature', 'FI_1Q_TOP', 'src', 'com', 'tmax', 'fs', 'js', 'fixedasset', 'fixedassetmanage_dialog.js']",FixedAssetManageAddLayoutLogic,enterFixedassetCuttype_add,,,,
146,"['C:', 'Users', '이재원', 'Documents', 'fsCode', 'FI_TOP_1Q-feature', 'FI_1Q_TOP', 'src', 'com', 'tmax', 'fs', 'js', 'fixedasset', 'fixedassetmanage_dialog.js']",FixedAssetManageHelpLayoutLogic,closeDialog,,,,
147,"['C:', 'Users', '이재원', 'Documents', 'fsCode', 'FI_TOP_1Q-feature', 'FI_1Q_TOP', 'src', 'com', 'tmax', 'fs', 'js', 'fixedasset', 'fixedassetmanage_dialog.js']",FixedAssetManageAddLayoutLogic,clickFixedassetOk_add,${FsPo}CORE/InsertFixedAsset?action=SO,http://192.168.156.156:14000/FS/,CORE,InsertFixedAssetSO
148,"['C:', 'Users', '이재원', 'Documents', 'fsCode', 'FI_TOP_1Q-feature', 'FI_1Q_TOP', 'src', 'com', 'tmax', 'fs', 'js', 'fixedasset', 'fixedassetmanage_dialog.js']",FixedAssetManageLayoutLogic,openHelpDialog,,,,
149,"['C:', 'Users', '이재원', 'Documents', 'fsCode', 'FI_TOP_1Q-feature', 'FI_1Q_TOP', 'src', 'com', 'tmax', 'fs', 'js', 'fixedasset', 'fixedassetmanage_dialog.js']",FixedAssetManageAddLayoutLogic,openHelpDialog,,,,
150,"['C:', 'Users', '이재원', 'Documents', 'fsCode', 'FI_TOP_1Q-feature', 'FI_1Q_TOP', 'src', 'com', 'tmax', 'fs', 'js', 'fixedasset', 'fixedassetmanage_dialog.js']",FixedAssetManageAddLayoutLogic,clickFixedassetOk_add,${FsPo}CORE/ReadOneAccount?action=SO,http://192.168.156.156:14000/FS/,CORE,ReadOneAccountSO
151,"['C:', 'Users', '이재원', 'Documents', 'fsCode', 'FI_TOP_1Q-feature', 'FI_1Q_TOP', 'src', 'com', 'tmax', 'fs', 'js', 'fixedasset', 'fixedassetmanage_dialog.js']",FixedAssetManageAddLayoutLogic,error,,,,
152,"['C:', 'Users', '이재원', 'Documents', 'fsCode', 'FI_TOP_1Q-feature', 'FI_1Q_TOP', 'src', 'com', 'tmax', 'fs', 'js', 'fixedasset', 'fixedassetmanage_dialog.js']",FixedAssetManageAddLayoutLogic,enterFixedassetDate_add,,,,
153,"['C:', 'Users', '이재원', 'Documents', 'fsCode', 'FI_TOP_1Q-feature', 'FI_1Q_TOP', 'src', 'com', 'tmax', 'fs', 'js', 'fixedasset', 'fixedassetmanage_dialog.js']",FixedAssetManageAddLayoutLogic,clickFixedassetCancel_add,,,,
154,"['C:', 'Users', '이재원', 'Documents', 'fsCode', 'FI_TOP_1Q-feature', 'FI_1Q_TOP', 'src', 'com', 'tmax', 'fs', 'js', 'fixedasset', 'fixedassetmanage_dialog.js']",FixedAssetManageAddLayoutLogic,enterFixedassetCode_add,${FsPo}CORE/ReadAllFixedAsset?action=SO,http://192.168.156.156:14000/FS/,CORE,ReadAllFixedAssetSO
155,"['C:', 'Users', '이재원', 'Documents', 'fsCode', 'FI_TOP_1Q-feature', 'FI_1Q_TOP', 'src', 'com', 'tmax', 'fs', 'js', 'fixedasset', 'fixedassetmanage_dialog.js']",FixedAssetManageHelpLayoutLogic,searchFast,,,,
156,"['C:', 'Users', '이재원', 'Documents', 'fsCode', 'FI_TOP_1Q-feature', 'FI_1Q_TOP', 'src', 'com', 'tmax', 'fs', 'js', 'fixedasset', 'fixedassetmanage_main.js']",FixedAssetManageLayoutLogic,success,,,,
157,"['C:', 'Users', '이재원', 'Documents', 'fsCode', 'FI_TOP_1Q-feature', 'FI_1Q_TOP', 'src', 'com', 'tmax', 'fs', 'js', 'fixedasset', 'fixedassetmanage_main.js']",FixedAssetManageLayoutLogic,enterAssetType,,,,
158,"['C:', 'Users', '이재원', 'Documents', 'fsCode', 'FI_TOP_1Q-feature', 'FI_1Q_TOP', 'src', 'com', 'tmax', 'fs', 'js', 'fixedasset', 'fixedassetmanage_main.js']",FixedAssetManageLayoutLogic,eventAccountName,,,,
159,"['C:', 'Users', '이재원', 'Documents', 'fsCode', 'FI_TOP_1Q-feature', 'FI_1Q_TOP', 'src', 'com', 'tmax', 'fs', 'js', 'fixedasset', 'fixedassetmanage_main.js']",FixedAssetManageLayoutLogic,eventFixedAssetDate,${FsPo}CORE/UpdateFixedAssetTable?action=SO,http://192.168.156.156:14000/FS/,CORE,UpdateFixedAssetTableSO
160,"['C:', 'Users', '이재원', 'Documents', 'fsCode', 'FI_TOP_1Q-feature', 'FI_1Q_TOP', 'src', 'com', 'tmax', 'fs', 'js', 'fixedasset', 'fixedassetmanage_main.js']",FixedAssetManageLayoutLogic,enterAccountCode,,,,
161,"['C:', 'Users', '이재원', 'Documents', 'fsCode', 'FI_TOP_1Q-feature', 'FI_1Q_TOP', 'src', 'com', 'tmax', 'fs', 'js', 'fixedasset', 'fixedassetmanage_main.js']",FixedAssetManageLayoutLogic,eventFixedAssetName,${FsPo}CORE/UpdateFixedAssetTable?action=SO,http://192.168.156.156:14000/FS/,CORE,UpdateFixedAssetTableSO
162,"['C:', 'Users', '이재원', 'Documents', 'fsCode', 'FI_TOP_1Q-feature', 'FI_1Q_TOP', 'src', 'com', 'tmax', 'fs', 'js', 'fixedasset', 'fixedassetmanage_main.js']",FStop3062Logic,FixedAsset_Post_Delete,,,,
163,"['C:', 'Users', '이재원', 'Documents', 'fsCode', 'FI_TOP_1Q-feature', 'FI_1Q_TOP', 'src', 'com', 'tmax', 'fs', 'js', 'fixedasset', 'fixedassetmanage_main.js']",FixedAssetManageLayoutLogic,eventCuttypeName,,,,
164,"['C:', 'Users', '이재원', 'Documents', 'fsCode', 'FI_TOP_1Q-feature', 'FI_1Q_TOP', 'src', 'com', 'tmax', 'fs', 'js', 'fixedasset', 'fixedassetmanage_main.js']",FixedAssetManageLayoutLogic,clickAccountCode,,,,
165,"['C:', 'Users', '이재원', 'Documents', 'fsCode', 'FI_TOP_1Q-feature', 'FI_1Q_TOP', 'src', 'com', 'tmax', 'fs', 'js', 'fixedasset', 'fixedassetmanage_main.js']",FixedAssetManageLayoutLogic,readFixedAsset,,,,
166,"['C:', 'Users', '이재원', 'Documents', 'fsCode', 'FI_TOP_1Q-feature', 'FI_1Q_TOP', 'src', 'com', 'tmax', 'fs', 'js', 'fixedasset', 'fixedassetmanage_main.js']",FStop3062Logic,Project_Dialog_Open,,,,
167,"['C:', 'Users', '이재원', 'Documents', 'fsCode', 'FI_TOP_1Q-feature', 'FI_1Q_TOP', 'src', 'com', 'tmax', 'fs', 'js', 'fixedasset', 'fixedassetmanage_main.js']",FixedAssetManageLayoutLogic,eventFixedAssetCode,${FsPo}CORE/ReadOneAccount?action=SO,http://192.168.156.156:14000/FS/,CORE,ReadOneAccountSO
168,"['C:', 'Users', '이재원', 'Documents', 'fsCode', 'FI_TOP_1Q-feature', 'FI_1Q_TOP', 'src', 'com', 'tmax', 'fs', 'js', 'fixedasset', 'fixedassetmanage_main.js']",FStop3062Logic,success,,,,
169,"['C:', 'Users', '이재원', 'Documents', 'fsCode', 'FI_TOP_1Q-feature', 'FI_1Q_TOP', 'src', 'com', 'tmax', 'fs', 'js', 'fixedasset', 'fixedassetmanage_main.js']",FixedAssetManageLayoutLogic,eventFixedAssetCode,${FsPo}CORE/ReadAllFixedAsset?action=SO,http://192.168.156.156:14000/FS/,CORE,ReadAllFixedAssetSO
170,"['C:', 'Users', '이재원', 'Documents', 'fsCode', 'FI_TOP_1Q-feature', 'FI_1Q_TOP', 'src', 'com', 'tmax', 'fs', 'js', 'fixedasset', 'fixedassetmanage_main.js']",FixedAssetManageLayoutLogic,eventFixedAssetCode,${FsPo}CORE/UpdateFixedAssetTable?action=SO,http://192.168.156.156:14000/FS/,CORE,UpdateFixedAssetTableSO
171,"['C:', 'Users', '이재원', 'Documents', 'fsCode', 'FI_TOP_1Q-feature', 'FI_1Q_TOP', 'src', 'com', 'tmax', 'fs', 'js', 'fixedasset', 'fixedassetmanage_main.js']",FStop3062Logic,error,,,,
172,"['C:', 'Users', '이재원', 'Documents', 'fsCode', 'FI_TOP_1Q-feature', 'FI_1Q_TOP', 'src', 'com', 'tmax', 'fs', 'js', 'fixedasset', 'fixedassetmanage_main.js']",FixedAssetManageLayoutLogic,error,,,,
173,"['C:', 'Users', '이재원', 'Documents', 'fsCode', 'FI_TOP_1Q-feature', 'FI_1Q_TOP', 'src', 'com', 'tmax', 'fs', 'js', 'fixedasset', 'fixedassetmanage_main.js']",FixedAssetManageLayoutLogic,enterSearchFixedAsset,,,,
174,"['C:', 'Users', '이재원', 'Documents', 'fsCode', 'FI_TOP_1Q-feature', 'FI_1Q_TOP', 'src', 'com', 'tmax', 'fs', 'js', 'fixedasset', 'fixedassetmanage_main.js']",FixedAssetManageLayoutLogic,eventDeleteButton,,,,
175,"['C:', 'Users', '이재원', 'Documents', 'fsCode', 'FI_TOP_1Q-feature', 'FI_1Q_TOP', 'src', 'com', 'tmax', 'fs', 'js', 'fixedasset', 'fixedassetmanage_main.js']",FStop3062Logic,Site_Dialog_Open,,,,
176,"['C:', 'Users', '이재원', 'Documents', 'fsCode', 'FI_TOP_1Q-feature', 'FI_1Q_TOP', 'src', 'com', 'tmax', 'fs', 'js', 'fixedasset', 'fixedassetmanage_main.js']",FixedAssetManageLayoutLogic,eventAccountCode,${FsPo}CORE/ReadOneAccount?action=SO,http://192.168.156.156:14000/FS/,CORE,ReadOneAccountSO
177,"['C:', 'Users', '이재원', 'Documents', 'fsCode', 'FI_TOP_1Q-feature', 'FI_1Q_TOP', 'src', 'com', 'tmax', 'fs', 'js', 'fixedasset', 'fixedassetmanage_main.js']",FixedAssetManageLayoutLogic,enterCuttype,,,,
178,"['C:', 'Users', '이재원', 'Documents', 'fsCode', 'FI_TOP_1Q-feature', 'FI_1Q_TOP', 'src', 'com', 'tmax', 'fs', 'js', 'fixedasset', 'fixedassetmanage_main.js']",FStop3062Logic,Industry_Dialog_Open,,,,
179,"['C:', 'Users', '이재원', 'Documents', 'fsCode', 'FI_TOP_1Q-feature', 'FI_1Q_TOP', 'src', 'com', 'tmax', 'fs', 'js', 'incomestatement', 'incomestatement.js']",FI_1Q_TOPLogic,changeIsTab,,,,
180,"['C:', 'Users', '이재원', 'Documents', 'fsCode', 'FI_TOP_1Q-feature', 'FI_1Q_TOP', 'src', 'com', 'tmax', 'fs', 'js', 'incomestatement', 'incomestatement.js']",FI_1Q_TOPLogic,selectIsYear,http://192.1.4.246:14000/FS/IC/InsertDate01?action=SO,http://192.1.4.246:14000/FS,IC,InsertDate01SO
181,"['C:', 'Users', '이재원', 'Documents', 'fsCode', 'FI_TOP_1Q-feature', 'FI_1Q_TOP', 'src', 'com', 'tmax', 'fs', 'js', 'incomestatement', 'incomestatement.js']",FI_1Q_TOPLogic,selectIsYear,http://192.1.4.246:14000/FS/IC/ReadAccountIS?action=SO,http://192.1.4.246:14000/FS,IC,ReadAccountISSO
182,"['C:', 'Users', '이재원', 'Documents', 'fsCode', 'FI_TOP_1Q-feature', 'FI_1Q_TOP', 'src', 'com', 'tmax', 'fs', 'js', 'incomestatement', 'incomestatement.js']",FI_1Q_TOPLogic,success,http://192.1.4.246:14000/FS/IC/ReadIS?action=SO,http://192.1.4.246:14000/FS,IC,ReadISSO
183,"['C:', 'Users', '이재원', 'Documents', 'fsCode', 'FI_TOP_1Q-feature', 'FI_1Q_TOP', 'src', 'com', 'tmax', 'fs', 'js', 'incomestatement', 'incomestatement.js']",FI_1Q_TOPLogic,error,,,,
184,"['C:', 'Users', '이재원', 'Documents', 'fsCode', 'FI_TOP_1Q-feature', 'FI_1Q_TOP', 'src', 'com', 'tmax', 'fs', 'js', 'incomestatement', 'incomestatement.js']",FI_1Q_TOPLogic,selectIsYear,http://192.1.4.246:14000/FS/IC/ReadIS?action=SO,http://192.1.4.246:14000/FS,IC,ReadISSO
185,"['C:', 'Users', '이재원', 'Documents', 'fsCode', 'FI_TOP_1Q-feature', 'FI_1Q_TOP', 'src', 'com', 'tmax', 'fs', 'js', 'incomestatement', 'incomestatement.js']",FI_1Q_TOPLogic,success,http://192.1.4.246:14000/FS/IC/ReadAccountIS?action=SO,http://192.1.4.246:14000/FS,IC,ReadAccountISSO
186,"['C:', 'Users', '이재원', 'Documents', 'fsCode', 'FI_TOP_1Q-feature', 'FI_1Q_TOP', 'src', 'com', 'tmax', 'fs', 'js', 'infra', 'prebalancesheet', 'pbs.js']",PbsMainLayout,Read1YearAgo,${FsPo}PREFS/ReadPBSbyYear?action=SO,http://192.168.156.156:14000/FS/,PREFS,ReadPBSbyYearSO
187,"['C:', 'Users', '이재원', 'Documents', 'fsCode', 'FI_TOP_1Q-feature', 'FI_1Q_TOP', 'src', 'com', 'tmax', 'fs', 'js', 'infra', 'prebalancesheet', 'pbs.js']",PbsMainLayoutLogic,clickPbsDeleteOpenButton,,,,
188,"['C:', 'Users', '이재원', 'Documents', 'fsCode', 'FI_TOP_1Q-feature', 'FI_1Q_TOP', 'src', 'com', 'tmax', 'fs', 'js', 'infra', 'prebalancesheet', 'pbs.js']",PbsMainLayoutLogic,success,${FsPo}PREFS/InsertPBSCode?action=SO,http://192.168.156.156:14000/FS/,PREFS,InsertPBSCodeSO
189,"['C:', 'Users', '이재원', 'Documents', 'fsCode', 'FI_TOP_1Q-feature', 'FI_1Q_TOP', 'src', 'com', 'tmax', 'fs', 'js', 'infra', 'prebalancesheet', 'pbs.js']",PbsMainLayoutLogic,onUpdateDebitCredit,${FsPo}PREFS/UpdatePBSDebitCredit?action=SO,http://192.168.156.156:14000/FS/,PREFS,UpdatePBSDebitCreditSO
190,"['C:', 'Users', '이재원', 'Documents', 'fsCode', 'FI_TOP_1Q-feature', 'FI_1Q_TOP', 'src', 'com', 'tmax', 'fs', 'js', 'infra', 'prebalancesheet', 'pbs.js']",PbsMainLayout,UpdateDebitCredit,${FsPo}PREFS/UpdatePBSDebitCredit?action=SO,http://192.168.156.156:14000/FS/,PREFS,UpdatePBSDebitCreditSO
191,"['C:', 'Users', '이재원', 'Documents', 'fsCode', 'FI_TOP_1Q-feature', 'FI_1Q_TOP', 'src', 'com', 'tmax', 'fs', 'js', 'infra', 'prebalancesheet', 'pbs.js']",PbsMainLayout,UpdatePBS,${FsPo}PREFS/UpdatePBSDebitCredit?action=SO,http://192.168.156.156:14000/FS/,PREFS,UpdatePBSDebitCreditSO
192,"['C:', 'Users', '이재원', 'Documents', 'fsCode', 'FI_TOP_1Q-feature', 'FI_1Q_TOP', 'src', 'com', 'tmax', 'fs', 'js', 'infra', 'prebalancesheet', 'pbs.js']",PbsMainLayout,InsertPBSCode,${FsPo}PREFS/InsertPBSCode?action=SO,http://192.168.156.156:14000/FS/,PREFS,InsertPBSCodeSO
193,"['C:', 'Users', '이재원', 'Documents', 'fsCode', 'FI_TOP_1Q-feature', 'FI_1Q_TOP', 'src', 'com', 'tmax', 'fs', 'js', 'infra', 'prebalancesheet', 'pbs.js']",PbsMainLayoutLogic,clickPbsInsertOpenButton,,,,
194,"['C:', 'Users', '이재원', 'Documents', 'fsCode', 'FI_TOP_1Q-feature', 'FI_1Q_TOP', 'src', 'com', 'tmax', 'fs', 'js', 'infra', 'prebalancesheet', 'pbs.js']",PbsMainLayout,error,,,,
195,"['C:', 'Users', '이재원', 'Documents', 'fsCode', 'FI_TOP_1Q-feature', 'FI_1Q_TOP', 'src', 'com', 'tmax', 'fs', 'js', 'infra', 'prebalancesheet', 'pbs.js']",PbsMainLayoutLogic,ClickPBSInsertButton,,,,
196,"['C:', 'Users', '이재원', 'Documents', 'fsCode', 'FI_TOP_1Q-feature', 'FI_1Q_TOP', 'src', 'com', 'tmax', 'fs', 'js', 'infra', 'prebalancesheet', 'pbs.js']",PbsMainLayout,ReadPBSbyYear,${FsPo}PREFS/ReadPBSbyYear?action=SO,http://192.168.156.156:14000/FS/,PREFS,ReadPBSbyYearSO
197,"['C:', 'Users', '이재원', 'Documents', 'fsCode', 'FI_TOP_1Q-feature', 'FI_1Q_TOP', 'src', 'com', 'tmax', 'fs', 'js', 'infra', 'prebalancesheet', 'pbs.js']",PbsMainLayoutLogic,TableEnter,,,,
198,"['C:', 'Users', '이재원', 'Documents', 'fsCode', 'FI_TOP_1Q-feature', 'FI_1Q_TOP', 'src', 'com', 'tmax', 'fs', 'js', 'infra', 'prebalancesheet', 'pbs.js']",PbsMainLayout,Read2YearAgo,${FsPo}PREFS/ReadPBSbyYear?action=SO,http://192.168.156.156:14000/FS/,PREFS,ReadPBSbyYearSO
199,"['C:', 'Users', '이재원', 'Documents', 'fsCode', 'FI_TOP_1Q-feature', 'FI_1Q_TOP', 'src', 'com', 'tmax', 'fs', 'js', 'infra', 'prebalancesheet', 'pbs.js']",PbsMainLayoutLogic,clickPbsUpdateOpenButton,,,,
200,"['C:', 'Users', '이재원', 'Documents', 'fsCode', 'FI_TOP_1Q-feature', 'FI_1Q_TOP', 'src', 'com', 'tmax', 'fs', 'js', 'infra', 'prebalancesheet', 'pbs.js']",PbsMainLayoutLogic,onUpdateDebitCredit,${FsPo}PREFS/ReadPBSbyYear?action=SO,http://192.168.156.156:14000/FS/,PREFS,ReadPBSbyYearSO
201,"['C:', 'Users', '이재원', 'Documents', 'fsCode', 'FI_TOP_1Q-feature', 'FI_1Q_TOP', 'src', 'com', 'tmax', 'fs', 'js', 'infra', 'prebalancesheet', 'pbs.js']",PbsMainLayoutLogic,CodeInsert,${FsPo}CORE/ReadAccount4NameByCode?action=SO,http://192.168.156.156:14000/FS/,CORE,ReadAccount4NameByCodeSO
202,"['C:', 'Users', '이재원', 'Documents', 'fsCode', 'FI_TOP_1Q-feature', 'FI_1Q_TOP', 'src', 'com', 'tmax', 'fs', 'js', 'infra', 'prebalancesheet', 'pbs.js']",PbsMainLayoutLogic,ClickPBSUpdateButton,,,,
203,"['C:', 'Users', '이재원', 'Documents', 'fsCode', 'FI_TOP_1Q-feature', 'FI_1Q_TOP', 'src', 'com', 'tmax', 'fs', 'js', 'infra', 'prebalancesheet', 'pbs.js']",PbsMainLayoutLogic,error,,,,
204,"['C:', 'Users', '이재원', 'Documents', 'fsCode', 'FI_TOP_1Q-feature', 'FI_1Q_TOP', 'src', 'com', 'tmax', 'fs', 'js', 'infra', 'prebalancesheet', 'pbs.js']",PbsMainLayout,DeletePBSConfirm,,,,
205,"['C:', 'Users', '이재원', 'Documents', 'fsCode', 'FI_TOP_1Q-feature', 'FI_1Q_TOP', 'src', 'com', 'tmax', 'fs', 'js', 'infra', 'prebalancesheet', 'pbs.js']",PbsMainLayout,Read3YearAgo,${FsPo}PREFS/ReadPBSbyYear?action=SO,http://192.168.156.156:14000/FS/,PREFS,ReadPBSbyYearSO
206,"['C:', 'Users', '이재원', 'Documents', 'fsCode', 'FI_TOP_1Q-feature', 'FI_1Q_TOP', 'src', 'com', 'tmax', 'fs', 'js', 'infra', 'prebalancesheet', 'pbs.js']",PbsMainLayoutLogic,clickPbsDeleteCloseButton,,,,
207,"['C:', 'Users', '이재원', 'Documents', 'fsCode', 'FI_TOP_1Q-feature', 'FI_1Q_TOP', 'src', 'com', 'tmax', 'fs', 'js', 'infra', 'prebalancesheet', 'pbs.js']",PbsMainLayoutLogic,DeleteRow,${FsPo}PREFS/DeletePBS?action=SO,http://192.168.156.156:14000/FS/,PREFS,DeletePBSSO
208,"['C:', 'Users', '이재원', 'Documents', 'fsCode', 'FI_TOP_1Q-feature', 'FI_1Q_TOP', 'src', 'com', 'tmax', 'fs', 'js', 'infra', 'prebalancesheet', 'pbs.js']",PbsMainLayoutLogic,ClickPBSDeleteButton,,,,
209,"['C:', 'Users', '이재원', 'Documents', 'fsCode', 'FI_TOP_1Q-feature', 'FI_1Q_TOP', 'src', 'com', 'tmax', 'fs', 'js', 'infra', 'prebalancesheet', 'pbs.js']",PbsMainLayoutLogic,clickPbsUpdateCloseButton,,,,
210,"['C:', 'Users', '이재원', 'Documents', 'fsCode', 'FI_TOP_1Q-feature', 'FI_1Q_TOP', 'src', 'com', 'tmax', 'fs', 'js', 'infra', 'prebalancesheet', 'pbs.js']",PbsMainLayoutLogic,DeleteRow,${FsPo}PREFS/ReadPBSbyYear?action=SO,http://192.168.156.156:14000/FS/,PREFS,ReadPBSbyYearSO
211,"['C:', 'Users', '이재원', 'Documents', 'fsCode', 'FI_TOP_1Q-feature', 'FI_1Q_TOP', 'src', 'com', 'tmax', 'fs', 'js', 'infra', 'prebalancesheet', 'pbs.js']",PbsMainLayoutLogic,success,${FsPo}PREFS/ReadPBSbyYear?action=SO,http://192.168.156.156:14000/FS/,PREFS,ReadPBSbyYearSO
212,"['C:', 'Users', '이재원', 'Documents', 'fsCode', 'FI_TOP_1Q-feature', 'FI_1Q_TOP', 'src', 'com', 'tmax', 'fs', 'js', 'infra', 'prebalancesheet', 'pbs.js']",PbsMainLayoutLogic,PbsInsertDialogEnter,${FsPo}CORE/ReadAccount4NameByCode?action=SO,http://192.168.156.156:14000/FS/,CORE,ReadAccount4NameByCodeSO
213,"['C:', 'Users', '이재원', 'Documents', 'fsCode', 'FI_TOP_1Q-feature', 'FI_1Q_TOP', 'src', 'com', 'tmax', 'fs', 'js', 'infra', 'prebalancesheet', 'pbs.js']",PbsMainLayoutLogic,ClickPBSTableview,,,,
214,"['C:', 'Users', '이재원', 'Documents', 'fsCode', 'FI_TOP_1Q-feature', 'FI_1Q_TOP', 'src', 'com', 'tmax', 'fs', 'js', 'infra', 'prebalancesheet', 'pbs.js']",PbsMainLayout,DeletePBS,${FsPo}PREFS/DeletePBS?action=SO,http://192.168.156.156:14000/FS/,PREFS,DeletePBSSO
215,"['C:', 'Users', '이재원', 'Documents', 'fsCode', 'FI_TOP_1Q-feature', 'FI_1Q_TOP', 'src', 'com', 'tmax', 'fs', 'js', 'infra', 'prebalancesheet', 'pbs.js']",PbsMainLayoutLogic,CodeInsert,${FsPo}PREFS/InsertPBSCode?action=SO,http://192.168.156.156:14000/FS/,PREFS,InsertPBSCodeSO
216,"['C:', 'Users', '이재원', 'Documents', 'fsCode', 'FI_TOP_1Q-feature', 'FI_1Q_TOP', 'src', 'com', 'tmax', 'fs', 'js', 'infra', 'prebalancesheet', 'pbsdeletedialog.js']",PbsDeleteDialogLayoutLogic,success,${FsPo}PREFS/ReadPBSbyYear?action=SO,http://192.168.156.156:14000/FS/,PREFS,ReadPBSbyYearSO
217,"['C:', 'Users', '이재원', 'Documents', 'fsCode', 'FI_TOP_1Q-feature', 'FI_1Q_TOP', 'src', 'com', 'tmax', 'fs', 'js', 'infra', 'prebalancesheet', 'pbsdeletedialog.js']",PbsDeleteDialogLayoutLogic,DeleteRow,${FsPo}PREFS/ReadPBSLogic?action=SO,http://192.168.156.156:14000/FS/,PREFS,ReadPBSLogicSO
218,"['C:', 'Users', '이재원', 'Documents', 'fsCode', 'FI_TOP_1Q-feature', 'FI_1Q_TOP', 'src', 'com', 'tmax', 'fs', 'js', 'infra', 'prebalancesheet', 'pbsdeletedialog.js']",PbsDeleteDialogLayoutLogic,DeleteRow,${FsPo}PREFS/DeletePBS?action=SO,http://192.168.156.156:14000/FS/,PREFS,DeletePBSSO
219,"['C:', 'Users', '이재원', 'Documents', 'fsCode', 'FI_TOP_1Q-feature', 'FI_1Q_TOP', 'src', 'com', 'tmax', 'fs', 'js', 'infra', 'prebalancesheet', 'pbsdeletedialog.js']",PbsDeleteDialogLayoutLogic,success,${FsPo}PREFS/ReadPBSLogic?action=SO,http://192.168.156.156:14000/FS/,PREFS,ReadPBSLogicSO
220,"['C:', 'Users', '이재원', 'Documents', 'fsCode', 'FI_TOP_1Q-feature', 'FI_1Q_TOP', 'src', 'com', 'tmax', 'fs', 'js', 'infra', 'prebalancesheet', 'pbsdeletedialog.js']",PbsDeleteDialogLayoutLogic,DeleteRow,${FsPo}PREFS/ReadPBSbyYear?action=SO,http://192.168.156.156:14000/FS/,PREFS,ReadPBSbyYearSO
221,"['C:', 'Users', '이재원', 'Documents', 'fsCode', 'FI_TOP_1Q-feature', 'FI_1Q_TOP', 'src', 'com', 'tmax', 'fs', 'js', 'infra', 'prebalancesheet', 'pbsdeletedialog.js']",PbsDeleteDialogLayoutLogic,error,,,,
222,"['C:', 'Users', '이재원', 'Documents', 'fsCode', 'FI_TOP_1Q-feature', 'FI_1Q_TOP', 'src', 'com', 'tmax', 'fs', 'js', 'infra', 'prebalancesheet', 'pbsdeletedialog.js']",PbsDeleteDialogLayoutLogic,clickPbsDeleteCloseButton,,,,
223,"['C:', 'Users', '이재원', 'Documents', 'fsCode', 'FI_TOP_1Q-feature', 'FI_1Q_TOP', 'src', 'com', 'tmax', 'fs', 'js', 'infra', 'prebalancesheet', 'pbsinsertdialog.js']",PbsInsertDialogLayoutLogic,InsertPBSCode,${FsPo}PREFS/ReadPBSbyYear?action=SO,http://192.168.156.156:14000/FS/,PREFS,ReadPBSbyYearSO
224,"['C:', 'Users', '이재원', 'Documents', 'fsCode', 'FI_TOP_1Q-feature', 'FI_1Q_TOP', 'src', 'com', 'tmax', 'fs', 'js', 'infra', 'prebalancesheet', 'pbsinsertdialog.js']",PbsInsertDialogLayoutLogic,clickPbsInsertCloseButton,,,,
225,"['C:', 'Users', '이재원', 'Documents', 'fsCode', 'FI_TOP_1Q-feature', 'FI_1Q_TOP', 'src', 'com', 'tmax', 'fs', 'js', 'infra', 'prebalancesheet', 'pbsinsertdialog.js']",PbsInsertDialogLayoutLogic,InsertPBSCode,${FsPo}PREFS/InsertPBSCode?action=SO,http://192.168.156.156:14000/FS/,PREFS,InsertPBSCodeSO
226,"['C:', 'Users', '이재원', 'Documents', 'fsCode', 'FI_TOP_1Q-feature', 'FI_1Q_TOP', 'src', 'com', 'tmax', 'fs', 'js', 'infra', 'prebalancesheet', 'pbsinsertdialog.js']",PbsInsertDialogLayoutLogic,InsertPBSCode,${FsPo}PREFS/ReadPBSLogic?action=SO,http://192.168.156.156:14000/FS/,PREFS,ReadPBSLogicSO
227,"['C:', 'Users', '이재원', 'Documents', 'fsCode', 'FI_TOP_1Q-feature', 'FI_1Q_TOP', 'src', 'com', 'tmax', 'fs', 'js', 'infra', 'prebalancesheet', 'pbsinsertdialog.js']",PbsInsertDialogLayoutLogic,success,${FsPo}PREFS/ReadPBSLogic?action=SO,http://192.168.156.156:14000/FS/,PREFS,ReadPBSLogicSO
228,"['C:', 'Users', '이재원', 'Documents', 'fsCode', 'FI_TOP_1Q-feature', 'FI_1Q_TOP', 'src', 'com', 'tmax', 'fs', 'js', 'infra', 'prebalancesheet', 'pbsinsertdialog.js']",PbsInsertDialogLayoutLogic,success,${FsPo}PREFS/ReadPBSbyYear?action=SO,http://192.168.156.156:14000/FS/,PREFS,ReadPBSbyYearSO
229,"['C:', 'Users', '이재원', 'Documents', 'fsCode', 'FI_TOP_1Q-feature', 'FI_1Q_TOP', 'src', 'com', 'tmax', 'fs', 'js', 'infra', 'prebalancesheet', 'pbsinsertdialog.js']",PbsInsertDialogLayoutLogic,error,,,,
230,"['C:', 'Users', '이재원', 'Documents', 'fsCode', 'FI_TOP_1Q-feature', 'FI_1Q_TOP', 'src', 'com', 'tmax', 'fs', 'js', 'infra', 'prebalancesheet', 'pbsupdatedialog.js']",PbsUpdateDialogLayoutLogic,UpdateDebitCredit,${FsPo}PREFS/ReadPBSbyYear?action=SO,http://192.168.156.156:14000/FS/,PREFS,ReadPBSbyYearSO
231,"['C:', 'Users', '이재원', 'Documents', 'fsCode', 'FI_TOP_1Q-feature', 'FI_1Q_TOP', 'src', 'com', 'tmax', 'fs', 'js', 'infra', 'prebalancesheet', 'pbsupdatedialog.js']",PbsUpdateDialogLayoutLogic,clickPbsUpdateCloseButton,,,,
232,"['C:', 'Users', '이재원', 'Documents', 'fsCode', 'FI_TOP_1Q-feature', 'FI_1Q_TOP', 'src', 'com', 'tmax', 'fs', 'js', 'infra', 'prebalancesheet', 'pbsupdatedialog.js']",PbsUpdateDialogLayoutLogic,error,,,,
233,"['C:', 'Users', '이재원', 'Documents', 'fsCode', 'FI_TOP_1Q-feature', 'FI_1Q_TOP', 'src', 'com', 'tmax', 'fs', 'js', 'infra', 'prebalancesheet', 'pbsupdatedialog.js']",PbsUpdateDialogLayoutLogic,UpdateDebitCredit,${FsPo}PREFS/ReadPBSLogic?action=SO,http://192.168.156.156:14000/FS/,PREFS,ReadPBSLogicSO
234,"['C:', 'Users', '이재원', 'Documents', 'fsCode', 'FI_TOP_1Q-feature', 'FI_1Q_TOP', 'src', 'com', 'tmax', 'fs', 'js', 'infra', 'prebalancesheet', 'pbsupdatedialog.js']",PbsUpdateDialogLayoutLogic,success,${FsPo}PREFS/ReadPBSLogic?action=SO,http://192.168.156.156:14000/FS/,PREFS,ReadPBSLogicSO
235,"['C:', 'Users', '이재원', 'Documents', 'fsCode', 'FI_TOP_1Q-feature', 'FI_1Q_TOP', 'src', 'com', 'tmax', 'fs', 'js', 'infra', 'prebalancesheet', 'pbsupdatedialog.js']",PbsUpdateDialogLayoutLogic,success,${FsPo}PREFS/ReadPBSbyYear?action=SO,http://192.168.156.156:14000/FS/,PREFS,ReadPBSbyYearSO
236,"['C:', 'Users', '이재원', 'Documents', 'fsCode', 'FI_TOP_1Q-feature', 'FI_1Q_TOP', 'src', 'com', 'tmax', 'fs', 'js', 'infra', 'prebalancesheet', 'pbsupdatedialog.js']",PbsUpdateDialogLayoutLogic,UpdateDebitCredit,${FsPo}PREFS/UpdatePBSDebitCredit?action=SO,http://192.168.156.156:14000/FS/,PREFS,UpdatePBSDebitCreditSO
237,"['C:', 'Users', '이재원', 'Documents', 'fsCode', 'FI_TOP_1Q-feature', 'FI_1Q_TOP', 'src', 'com', 'tmax', 'fs', 'js', 'infra', 'preincomestatement', 'pis.js']",PisMainLayoutLogic,clickPisInsertOpenButton,,,,
238,"['C:', 'Users', '이재원', 'Documents', 'fsCode', 'FI_TOP_1Q-feature', 'FI_1Q_TOP', 'src', 'com', 'tmax', 'fs', 'js', 'infra', 'preincomestatement', 'pis.js']",PisMainLayout,success,${FsPo}SM/ReadPISSTDName?action=SO,http://192.168.156.156:14000/FS/,SM,ReadPISSTDNameSO
239,"['C:', 'Users', '이재원', 'Documents', 'fsCode', 'FI_TOP_1Q-feature', 'FI_1Q_TOP', 'src', 'com', 'tmax', 'fs', 'js', 'infra', 'preincomestatement', 'pis.js']",PisMainLayout,error,,,,
240,"['C:', 'Users', '이재원', 'Documents', 'fsCode', 'FI_TOP_1Q-feature', 'FI_1Q_TOP', 'src', 'com', 'tmax', 'fs', 'js', 'infra', 'preincomestatement', 'pis.js']",PisMainLayoutLogic,error,,,,
241,"['C:', 'Users', '이재원', 'Documents', 'fsCode', 'FI_TOP_1Q-feature', 'FI_1Q_TOP', 'src', 'com', 'tmax', 'fs', 'js', 'infra', 'preincomestatement', 'pis.js']",PisMainLayoutLogic,UpdateAmount,${FsPo}SM/UpdatePISAmount?action=SO,http://192.168.156.156:14000/FS/,SM,UpdatePISAmountSO
242,"['C:', 'Users', '이재원', 'Documents', 'fsCode', 'FI_TOP_1Q-feature', 'FI_1Q_TOP', 'src', 'com', 'tmax', 'fs', 'js', 'infra', 'preincomestatement', 'pis.js']",PisMainLayoutLogic,DeleteRow,${FsPo}SM/DeletePIS?action=SO,http://192.168.156.156:14000/FS/,SM,DeletePISSO
243,"['C:', 'Users', '이재원', 'Documents', 'fsCode', 'FI_TOP_1Q-feature', 'FI_1Q_TOP', 'src', 'com', 'tmax', 'fs', 'js', 'infra', 'preincomestatement', 'pis.js']",PisMainLayoutLogic,DeleteRow,${FsPo}SM/ReadPISStEd?action=SO,http://192.168.156.156:14000/FS/,SM,ReadPISStEdSO
244,"['C:', 'Users', '이재원', 'Documents', 'fsCode', 'FI_TOP_1Q-feature', 'FI_1Q_TOP', 'src', 'com', 'tmax', 'fs', 'js', 'infra', 'preincomestatement', 'pis.js']",PisMainLayoutLogic,success,${FsPo}SM/ReadPISStEd?action=SO,http://192.168.156.156:14000/FS/,SM,ReadPISStEdSO
245,"['C:', 'Users', '이재원', 'Documents', 'fsCode', 'FI_TOP_1Q-feature', 'FI_1Q_TOP', 'src', 'com', 'tmax', 'fs', 'js', 'infra', 'preincomestatement', 'pis.js']",PisMainLayoutLogic,CodeInsert,${FsPo}HB/ReadAccount4NameByCode?action=SO,http://192.168.156.156:14000/FS/,HB,ReadAccount4NameByCodeSO
246,"['C:', 'Users', '이재원', 'Documents', 'fsCode', 'FI_TOP_1Q-feature', 'FI_1Q_TOP', 'src', 'com', 'tmax', 'fs', 'js', 'infra', 'preincomestatement', 'pis.js']",PisMainLayoutLogic,UpdateAmount,${FsPo}SM/ReadPISStEd?action=SO,http://192.168.156.156:14000/FS/,SM,ReadPISStEdSO
247,"['C:', 'Users', '이재원', 'Documents', 'fsCode', 'FI_TOP_1Q-feature', 'FI_1Q_TOP', 'src', 'com', 'tmax', 'fs', 'js', 'infra', 'preincomestatement', 'pis.js']",PisMainLayoutLogic,PisInsertDialogEnter,${FsPo}HB/ReadAccount4NameByCode?action=SO,http://192.168.156.156:14000/FS/,HB,ReadAccount4NameByCodeSO
248,"['C:', 'Users', '이재원', 'Documents', 'fsCode', 'FI_TOP_1Q-feature', 'FI_1Q_TOP', 'src', 'com', 'tmax', 'fs', 'js', 'infra', 'preincomestatement', 'pis.js']",PisInsertDialogLayoutLogic,error,,,,
249,"['C:', 'Users', '이재원', 'Documents', 'fsCode', 'FI_TOP_1Q-feature', 'FI_1Q_TOP', 'src', 'com', 'tmax', 'fs', 'js', 'infra', 'preincomestatement', 'pis.js']",PisInsertDialogLayoutLogic,clickPisInsertCloseButton,,,,
250,"['C:', 'Users', '이재원', 'Documents', 'fsCode', 'FI_TOP_1Q-feature', 'FI_1Q_TOP', 'src', 'com', 'tmax', 'fs', 'js', 'infra', 'preincomestatement', 'pis.js']",PisMainLayoutLogic,TableEnter,,,,
251,"['C:', 'Users', '이재원', 'Documents', 'fsCode', 'FI_TOP_1Q-feature', 'FI_1Q_TOP', 'src', 'com', 'tmax', 'fs', 'js', 'infra', 'preincomestatement', 'pis.js']",PisInsertDialogLayoutLogic,dialogcodeinsert,${FsPo}HB/ReadAccount4NameByCode?action=SO,http://192.168.156.156:14000/FS/,HB,ReadAccount4NameByCodeSO
252,"['C:', 'Users', '이재원', 'Documents', 'fsCode', 'FI_TOP_1Q-feature', 'FI_1Q_TOP', 'src', 'com', 'tmax', 'fs', 'js', 'infra', 'preincomestatement', 'pis.js']",PisMainLayout,onWidgetAttach,${FsPo}SM/ReadPISStEd?action=SO,http://192.168.156.156:14000/FS/,SM,ReadPISStEdSO
253,"['C:', 'Users', '이재원', 'Documents', 'fsCode', 'FI_TOP_1Q-feature', 'FI_1Q_TOP', 'src', 'com', 'tmax', 'fs', 'js', 'infra', 'preincomestatement', 'pis.js']",PisMainLayoutLogic,Read2017,${FsPo}SM/ReadPISStEd?action=SO,http://192.168.156.156:14000/FS/,SM,ReadPISStEdSO
254,"['C:', 'Users', '이재원', 'Documents', 'fsCode', 'FI_TOP_1Q-feature', 'FI_1Q_TOP', 'src', 'com', 'tmax', 'fs', 'js', 'journal', 'Journal.js']",JournalLayoutLogic,insertStartEmployee,,,,
255,"['C:', 'Users', '이재원', 'Documents', 'fsCode', 'FI_TOP_1Q-feature', 'FI_1Q_TOP', 'src', 'com', 'tmax', 'fs', 'js', 'journal', 'Journal.js']",JournalLayoutLogic,enterJournalStartMonth,,,,
256,"['C:', 'Users', '이재원', 'Documents', 'fsCode', 'FI_TOP_1Q-feature', 'FI_1Q_TOP', 'src', 'com', 'tmax', 'fs', 'js', 'journal', 'Journal.js']",JournalLayoutLogic,enterJournalStartYear,,,,
257,"['C:', 'Users', '이재원', 'Documents', 'fsCode', 'FI_TOP_1Q-feature', 'FI_1Q_TOP', 'src', 'com', 'tmax', 'fs', 'js', 'journal', 'Journal.js']",JournalLayoutLogic,error,,,,
258,"['C:', 'Users', '이재원', 'Documents', 'fsCode', 'FI_TOP_1Q-feature', 'FI_1Q_TOP', 'src', 'com', 'tmax', 'fs', 'js', 'journal', 'Journal.js']",JournalLayoutLogic,success,,,,
259,"['C:', 'Users', '이재원', 'Documents', 'fsCode', 'FI_TOP_1Q-feature', 'FI_1Q_TOP', 'src', 'com', 'tmax', 'fs', 'js', 'journal', 'Journal.js']",JournalLayoutLogic,enterJournalEndDate,,,,
260,"['C:', 'Users', '이재원', 'Documents', 'fsCode', 'FI_TOP_1Q-feature', 'FI_1Q_TOP', 'src', 'com', 'tmax', 'fs', 'js', 'journal', 'Journal.js']",JournalLayoutLogic,enterJournalDocJournalType,,,,
261,"['C:', 'Users', '이재원', 'Documents', 'fsCode', 'FI_TOP_1Q-feature', 'FI_1Q_TOP', 'src', 'com', 'tmax', 'fs', 'js', 'journal', 'Journal.js']",JournalLayoutLogic,enterJournalStartDepartment,,,,
262,"['C:', 'Users', '이재원', 'Documents', 'fsCode', 'FI_TOP_1Q-feature', 'FI_1Q_TOP', 'src', 'com', 'tmax', 'fs', 'js', 'journal', 'Journal.js']",JournalLayoutLogic,enterJournalEndDepartment,,,,
263,"['C:', 'Users', '이재원', 'Documents', 'fsCode', 'FI_TOP_1Q-feature', 'FI_1Q_TOP', 'src', 'com', 'tmax', 'fs', 'js', 'journal', 'Journal.js']",JournalLayoutLogic,enterJournalEndMonth,,,,
264,"['C:', 'Users', '이재원', 'Documents', 'fsCode', 'FI_TOP_1Q-feature', 'FI_1Q_TOP', 'src', 'com', 'tmax', 'fs', 'js', 'journal', 'Journal.js']",JournalLayoutLogic,insertEndEmployee,,,,
265,"['C:', 'Users', '이재원', 'Documents', 'fsCode', 'FI_TOP_1Q-feature', 'FI_1Q_TOP', 'src', 'com', 'tmax', 'fs', 'js', 'journal', 'Journal.js']",JournalLayoutLogic,enterJournalDocType,,,,
266,"['C:', 'Users', '이재원', 'Documents', 'fsCode', 'FI_TOP_1Q-feature', 'FI_1Q_TOP', 'src', 'com', 'tmax', 'fs', 'js', 'journal', 'Journal.js']",JournalLayoutLogic,enterJournalStartDate,,,,
267,"['C:', 'Users', '이재원', 'Documents', 'fsCode', 'FI_TOP_1Q-feature', 'FI_1Q_TOP', 'src', 'com', 'tmax', 'fs', 'js', 'journal', 'Journal.js']",JournalLayoutLogic,enterJournalEndYear,,,,
268,"['C:', 'Users', '이재원', 'Documents', 'fsCode', 'FI_TOP_1Q-feature', 'FI_1Q_TOP', 'src', 'com', 'tmax', 'fs', 'js', 'journal', 'Journal.js']",JournalLayoutLogic,enterJournalStartEmployee,,,,
269,"['C:', 'Users', '이재원', 'Documents', 'fsCode', 'FI_TOP_1Q-feature', 'FI_1Q_TOP', 'src', 'com', 'tmax', 'fs', 'js', 'journal', 'Journal.js']",JournalLayoutLogic,enterDocType,,,,
270,"['C:', 'Users', '이재원', 'Documents', 'fsCode', 'FI_TOP_1Q-feature', 'FI_1Q_TOP', 'src', 'com', 'tmax', 'fs', 'js', 'journal', 'Journal.js']",JournalLayoutLogic,enterJournalEndEmployee,,,,
271,"['C:', 'Users', '이재원', 'Documents', 'fsCode', 'FI_TOP_1Q-feature', 'FI_1Q_TOP', 'src', 'com', 'tmax', 'fs', 'js', 'journal', 'Journal.js']",JournalLayoutLogic,readJournal,${FsPo}KH/ReadJournal?action=SO,http://192.168.156.156:14000/FS/,KH,ReadJournalSO
272,"['C:', 'Users', '이재원', 'Documents', 'fsCode', 'FI_TOP_1Q-feature', 'FI_1Q_TOP', 'src', 'com', 'tmax', 'fs', 'ledger', 'glData.js']",FI_1Q_TOPLogic,endDayEntered,,,,
273,"['C:', 'Users', '이재원', 'Documents', 'fsCode', 'FI_TOP_1Q-feature', 'FI_1Q_TOP', 'src', 'com', 'tmax', 'fs', 'ledger', 'glData.js']",FI_1Q_TOPLogic,startDayEntered,,,,
274,"['C:', 'Users', '이재원', 'Documents', 'fsCode', 'FI_TOP_1Q-feature', 'FI_1Q_TOP', 'src', 'com', 'tmax', 'fs', 'ledger', 'glData.js']",GLLayout,readCOAList,${FsPo}CORE/ReadCOAList?action=SO,http://192.168.156.156:14000/FS/,CORE,ReadCOAListSO
275,"['C:', 'Users', '이재원', 'Documents', 'fsCode', 'FI_TOP_1Q-feature', 'FI_1Q_TOP', 'src', 'com', 'tmax', 'fs', 'ledger', 'glData.js']",FI_1Q_TOPLogic,startYearEntered,,,,
276,"['C:', 'Users', '이재원', 'Documents', 'fsCode', 'FI_TOP_1Q-feature', 'FI_1Q_TOP', 'src', 'com', 'tmax', 'fs', 'ledger', 'glData.js']",GLLayout,success,,,,
277,"['C:', 'Users', '이재원', 'Documents', 'fsCode', 'FI_TOP_1Q-feature', 'FI_1Q_TOP', 'src', 'com', 'tmax', 'fs', 'ledger', 'glData.js']",GLLayout,success,,,,
278,"['C:', 'Users', '이재원', 'Documents', 'fsCode', 'FI_TOP_1Q-feature', 'FI_1Q_TOP', 'src', 'com', 'tmax', 'fs', 'ledger', 'glData.js']",FI_1Q_TOPLogic,endYearEntered,,,,
279,"['C:', 'Users', '이재원', 'Documents', 'fsCode', 'FI_TOP_1Q-feature', 'FI_1Q_TOP', 'src', 'com', 'tmax', 'fs', 'ledger', 'glData.js']",FI_1Q_TOPLogic,endMonthEntered,,,,
280,"['C:', 'Users', '이재원', 'Documents', 'fsCode', 'FI_TOP_1Q-feature', 'FI_1Q_TOP', 'src', 'com', 'tmax', 'fs', 'ledger', 'glData.js']",GLLayout,readGL,,,,
281,"['C:', 'Users', '이재원', 'Documents', 'fsCode', 'FI_TOP_1Q-feature', 'FI_1Q_TOP', 'src', 'com', 'tmax', 'fs', 'ledger', 'glData.js']",GLLayout,error,,,,
282,"['C:', 'Users', '이재원', 'Documents', 'fsCode', 'FI_TOP_1Q-feature', 'FI_1Q_TOP', 'src', 'com', 'tmax', 'fs', 'ledger', 'glData.js']",FI_1Q_TOPLogic,startMonthEntered,,,,
283,"['C:', 'Users', '이재원', 'Documents', 'fsCode', 'FI_TOP_1Q-feature', 'FI_1Q_TOP', 'src', 'com', 'tmax', 'fs', 'ledger', 'glData.js']",FI_1Q_TOPLogic,startAccountCodeEnteredinGL,,,,
284,"['C:', 'Users', '이재원', 'Documents', 'fsCode', 'FI_TOP_1Q-feature', 'FI_1Q_TOP', 'src', 'com', 'tmax', 'fs', 'ledger', 'glData.js']",GLLayout,readAccountName,${FsPo}CORE/ReadCOA?action=SO,http://192.168.156.156:14000/FS/,CORE,ReadCOASO
285,"['C:', 'Users', '이재원', 'Documents', 'fsCode', 'FI_TOP_1Q-feature', 'FI_1Q_TOP', 'src', 'com', 'tmax', 'fs', 'ledger', 'glData.js']",FI_1Q_TOPLogic,coaListClickedinGL,,,,
286,"['C:', 'Users', '이재원', 'Documents', 'fsCode', 'FI_TOP_1Q-feature', 'FI_1Q_TOP', 'src', 'com', 'tmax', 'fs', 'ledger', 'glData.js']",FI_1Q_TOPLogic,endAccountCodeEnteredinGL,,,,
287,"['C:', 'Users', '이재원', 'Documents', 'fsCode', 'FI_TOP_1Q-feature', 'FI_1Q_TOP', 'src', 'com', 'tmax', 'fs', 'ledger', 'glData.js']",FI_1Q_TOPLogic,openLedgerDialogFromGL,,,,
288,"['C:', 'Users', '이재원', 'Documents', 'fsCode', 'FI_TOP_1Q-feature', 'FI_1Q_TOP', 'src', 'com', 'tmax', 'fs', 'ledger', 'ledgerData.js']",FI_1Q_TOPLogic,endYearEntered,,,,
289,"['C:', 'Users', '이재원', 'Documents', 'fsCode', 'FI_TOP_1Q-feature', 'FI_1Q_TOP', 'src', 'com', 'tmax', 'fs', 'ledger', 'ledgerData.js']",FI_1Q_TOPLogic,startDayEntered,,,,
290,"['C:', 'Users', '이재원', 'Documents', 'fsCode', 'FI_TOP_1Q-feature', 'FI_1Q_TOP', 'src', 'com', 'tmax', 'fs', 'ledger', 'ledgerData.js']",FI_1Q_TOPLogic,startAccountCodeEnteredinLedger,,,,
291,"['C:', 'Users', '이재원', 'Documents', 'fsCode', 'FI_TOP_1Q-feature', 'FI_1Q_TOP', 'src', 'com', 'tmax', 'fs', 'ledger', 'ledgerData.js']",COALedgerLayout,readLedger,${FsPo}CORE/ReadLedgerList?action=SO,http://192.168.156.156:14000/FS/,CORE,ReadLedgerListSO
292,"['C:', 'Users', '이재원', 'Documents', 'fsCode', 'FI_TOP_1Q-feature', 'FI_1Q_TOP', 'src', 'com', 'tmax', 'fs', 'ledger', 'ledgerData.js']",FI_1Q_TOPLogic,endAccountCodeEnteredinLedger,,,,
293,"['C:', 'Users', '이재원', 'Documents', 'fsCode', 'FI_TOP_1Q-feature', 'FI_1Q_TOP', 'src', 'com', 'tmax', 'fs', 'ledger', 'ledgerData.js']",COALedgerLayout,error,,,,
294,"['C:', 'Users', '이재원', 'Documents', 'fsCode', 'FI_TOP_1Q-feature', 'FI_1Q_TOP', 'src', 'com', 'tmax', 'fs', 'ledger', 'ledgerData.js']",FI_1Q_TOPLogic,endMonthEntered,,,,
295,"['C:', 'Users', '이재원', 'Documents', 'fsCode', 'FI_TOP_1Q-feature', 'FI_1Q_TOP', 'src', 'com', 'tmax', 'fs', 'ledger', 'ledgerData.js']",FI_1Q_TOPLogic,startMonthEntered,,,,
296,"['C:', 'Users', '이재원', 'Documents', 'fsCode', 'FI_TOP_1Q-feature', 'FI_1Q_TOP', 'src', 'com', 'tmax', 'fs', 'ledger', 'ledgerData.js']",FI_1Q_TOPLogic,coaListClickedinLedger,,,,
297,"['C:', 'Users', '이재원', 'Documents', 'fsCode', 'FI_TOP_1Q-feature', 'FI_1Q_TOP', 'src', 'com', 'tmax', 'fs', 'ledger', 'ledgerData.js']",COALedgerLayout,readCOAList,${FsPo}CORE/ReadCOAList?action=SO,http://192.168.156.156:14000/FS/,CORE,ReadCOAListSO
298,"['C:', 'Users', '이재원', 'Documents', 'fsCode', 'FI_TOP_1Q-feature', 'FI_1Q_TOP', 'src', 'com', 'tmax', 'fs', 'ledger', 'ledgerData.js']",COALedgerLayout,success,,,,
299,"['C:', 'Users', '이재원', 'Documents', 'fsCode', 'FI_TOP_1Q-feature', 'FI_1Q_TOP', 'src', 'com', 'tmax', 'fs', 'ledger', 'ledgerData.js']",FI_1Q_TOPLogic,startYearEntered,,,,
300,"['C:', 'Users', '이재원', 'Documents', 'fsCode', 'FI_TOP_1Q-feature', 'FI_1Q_TOP', 'src', 'com', 'tmax', 'fs', 'ledger', 'ledgerData.js']",FI_1Q_TOPLogic,LedgerListClicked,,,,
301,"['C:', 'Users', '이재원', 'Documents', 'fsCode', 'FI_TOP_1Q-feature', 'FI_1Q_TOP', 'src', 'com', 'tmax', 'fs', 'ledger', 'ledgerData.js']",COALedgerLayout,readLedgerAll,,,,
302,"['C:', 'Users', '이재원', 'Documents', 'fsCode', 'FI_TOP_1Q-feature', 'FI_1Q_TOP', 'src', 'com', 'tmax', 'fs', 'ledger', 'ledgerData.js']",FI_1Q_TOPLogic,endDayEntered,,,,
303,"['C:', 'Users', '이재원', 'Documents', 'fsCode', 'FI_TOP_1Q-feature', 'FI_1Q_TOP', 'src', 'com', 'tmax', 'fs', 'ledger', 'ledgerData.js']",COALedgerLayout,readAccountName,${FsPo}CORE/ReadCOA?action=SO,http://192.168.156.156:14000/FS/,CORE,ReadCOASO
304,"['C:', 'Users', '이재원', 'Documents', 'fsCode', 'FI_TOP_1Q-feature', 'FI_1Q_TOP', 'src', 'com', 'tmax', 'fs', 'ledger', 'ledgerData.js']",COALedgerLayout,success,,,,
305,"['C:', 'Users', '이재원', 'Documents', 'fsCode', 'FI_TOP_1Q-feature', 'FI_1Q_TOP', 'src', 'com', 'tmax', 'fs', 'ledger', 'ttbData.js']",FI_1Q_TOPLogic,dayFocus,,,,
306,"['C:', 'Users', '이재원', 'Documents', 'fsCode', 'FI_TOP_1Q-feature', 'FI_1Q_TOP', 'src', 'com', 'tmax', 'fs', 'ledger', 'ttbData.js']",FI_1Q_TOPLogic,openLedgerDialogFromTTB,,,,
307,"['C:', 'Users', '이재원', 'Documents', 'fsCode', 'FI_TOP_1Q-feature', 'FI_1Q_TOP', 'src', 'com', 'tmax', 'fs', 'ledger', 'ttbData.js']",FI_1Q_TOPLogic,dayEntered,,,,
308,"['C:', 'Users', '이재원', 'Documents', 'fsCode', 'FI_TOP_1Q-feature', 'FI_1Q_TOP', 'src', 'com', 'tmax', 'fs', 'ledger', 'ttbData.js']",TotalTrialBalance,readTTB,${FsPo}CORE/ReadTTBList?action=ByCOA,http://192.168.156.156:14000/FS/,CORE,ReadTTBListByCOA
309,"['C:', 'Users', '이재원', 'Documents', 'fsCode', 'FI_TOP_1Q-feature', 'FI_1Q_TOP', 'src', 'com', 'tmax', 'fs', 'ledger', 'ttbData.js']",TotalTrialBalance,success,,,,
310,"['C:', 'Users', '이재원', 'Documents', 'fsCode', 'FI_TOP_1Q-feature', 'FI_1Q_TOP', 'src', 'com', 'tmax', 'fs', 'ledger', 'ttbData.js']",TotalTrialBalance,error,,,,
311,"['C:', 'Users', '이재원', 'Documents', 'fsCode', 'FI_TOP_1Q-feature', 'FI_1Q_TOP', 'src', 'common', 'dateError.js']",FStop3062Logic,checkDay,,,,
312,"['C:', 'Users', '이재원', 'Documents', 'fsCode', 'FI_TOP_1Q-feature', 'FI_1Q_TOP', 'src', 'common', 'dateError.js']",FStop3062Logic,checkYear,,,,
313,"['C:', 'Users', '이재원', 'Documents', 'fsCode', 'FI_TOP_1Q-feature', 'FI_1Q_TOP', 'src', 'common', 'dateError.js']",FStop3062Logic,checkMonth,,,,
314,"['C:', 'Users', '이재원', 'Documents', 'fsCode', 'FI_TOP_1Q-feature', 'FI_1Q_TOP', 'src', 'common', 'delete.js']",FStop3062Logic,Delete,,,,
315,"['C:', 'Users', '이재원', 'Documents', 'fsCode', 'FI_TOP_1Q-feature', 'FI_1Q_TOP', 'src', 'common', 'delete.js']",FStop3062Logic,success,,,,
316,"['C:', 'Users', '이재원', 'Documents', 'fsCode', 'FI_TOP_1Q-feature', 'FI_1Q_TOP', 'src', 'common', 'delete.js']",FStop3062Logic,Cancel,,,,
317,"['C:', 'Users', '이재원', 'Documents', 'fsCode', 'FI_TOP_1Q-feature', 'FI_1Q_TOP', 'src', 'common', 'delete.js']",FStop3062Logic,error,,,,
318,"['C:', 'Users', '이재원', 'Documents', 'fsCode', 'FI_TOP_1Q-feature', 'FI_1Q_TOP', 'src', 'common', 'routing.js']",FI_1Q_TOPLogic,routeToCode_TaxOffice,,,,
319,"['C:', 'Users', '이재원', 'Documents', 'fsCode', 'FI_TOP_1Q-feature', 'FI_1Q_TOP', 'src', 'common', 'routing.js']",FI_1Q_TOPLogic,routeToPBS,,,,
320,"['C:', 'Users', '이재원', 'Documents', 'fsCode', 'FI_TOP_1Q-feature', 'FI_1Q_TOP', 'src', 'common', 'routing.js']",FI_1Q_TOPLogic,routeToTest_Css,,,,
321,"['C:', 'Users', '이재원', 'Documents', 'fsCode', 'FI_TOP_1Q-feature', 'FI_1Q_TOP', 'src', 'common', 'routing.js']",FI_1Q_TOPLogic,routeToProject,,,,
322,"['C:', 'Users', '이재원', 'Documents', 'fsCode', 'FI_TOP_1Q-feature', 'FI_1Q_TOP', 'src', 'common', 'routing.js']",FI_1Q_TOPLogic,routeToDynamicCSS,,,,
323,"['C:', 'Users', '이재원', 'Documents', 'fsCode', 'FI_TOP_1Q-feature', 'FI_1Q_TOP', 'src', 'common', 'routing.js']",FI_1Q_TOPLogic,routeToJournal,,,,
324,"['C:', 'Users', '이재원', 'Documents', 'fsCode', 'FI_TOP_1Q-feature', 'FI_1Q_TOP', 'src', 'common', 'routing.js']",FI_1Q_TOPLogic,routeISAccount,,,,
325,"['C:', 'Users', '이재원', 'Documents', 'fsCode', 'FI_TOP_1Q-feature', 'FI_1Q_TOP', 'src', 'common', 'routing.js']",FI_1Q_TOPLogic,routeToSite,,,,
326,"['C:', 'Users', '이재원', 'Documents', 'fsCode', 'FI_TOP_1Q-feature', 'FI_1Q_TOP', 'src', 'common', 'routing.js']",FI_1Q_TOPLogic,routeToInfra_Account,,,,
327,"['C:', 'Users', '이재원', 'Documents', 'fsCode', 'FI_TOP_1Q-feature', 'FI_1Q_TOP', 'src', 'common', 'routing.js']",FI_1Q_TOPLogic,routeToSARE,,,,
328,"['C:', 'Users', '이재원', 'Documents', 'fsCode', 'FI_TOP_1Q-feature', 'FI_1Q_TOP', 'src', 'common', 'routing.js']",FI_1Q_TOPLogic,routeToDocjl,,,,
329,"['C:', 'Users', '이재원', 'Documents', 'fsCode', 'FI_TOP_1Q-feature', 'FI_1Q_TOP', 'src', 'common', 'routing.js']",FI_1Q_TOPLogic,routeToPIS,,,,
330,"['C:', 'Users', '이재원', 'Documents', 'fsCode', 'FI_TOP_1Q-feature', 'FI_1Q_TOP', 'src', 'common', 'routing.js']",FI_1Q_TOPLogic,routeToGL,,,,
331,"['C:', 'Users', '이재원', 'Documents', 'fsCode', 'FI_TOP_1Q-feature', 'FI_1Q_TOP', 'src', 'common', 'routing.js']",FI_1Q_TOPLogic,routeToTTB,,,,
332,"['C:', 'Users', '이재원', 'Documents', 'fsCode', 'FI_TOP_1Q-feature', 'FI_1Q_TOP', 'src', 'common', 'routing.js']",FI_1Q_TOPLogic,routeToProduct,,,,
333,"['C:', 'Users', '이재원', 'Documents', 'fsCode', 'FI_TOP_1Q-feature', 'FI_1Q_TOP', 'src', 'common', 'routing.js']",FI_1Q_TOPLogic,init,,,,
334,"['C:', 'Users', '이재원', 'Documents', 'fsCode', 'FI_TOP_1Q-feature', 'FI_1Q_TOP', 'src', 'common', 'routing.js']",FI_1Q_TOPLogic,routeToEtc_Etc1,,,,
335,"['C:', 'Users', '이재원', 'Documents', 'fsCode', 'FI_TOP_1Q-feature', 'FI_1Q_TOP', 'src', 'common', 'routing.js']",FI_1Q_TOPLogic,routeToInfra,,,,
336,"['C:', 'Users', '이재원', 'Documents', 'fsCode', 'FI_TOP_1Q-feature', 'FI_1Q_TOP', 'src', 'common', 'routing.js']",FI_1Q_TOPLogic,routeToInfraClient_Client1,,,,
337,"['C:', 'Users', '이재원', 'Documents', 'fsCode', 'FI_TOP_1Q-feature', 'FI_1Q_TOP', 'src', 'common', 'routing.js']",FI_1Q_TOPLogic,routeToMain01,,,,
338,"['C:', 'Users', '이재원', 'Documents', 'fsCode', 'FI_TOP_1Q-feature', 'FI_1Q_TOP', 'src', 'common', 'routing.js']",FI_1Q_TOPLogic,routeToIncomeStatement,,,,
339,"['C:', 'Users', '이재원', 'Documents', 'fsCode', 'FI_TOP_1Q-feature', 'FI_1Q_TOP', 'src', 'common', 'routing.js']",FI_1Q_TOPLogic,routeToFs,,,,
340,"['C:', 'Users', '이재원', 'Documents', 'fsCode', 'FI_TOP_1Q-feature', 'FI_1Q_TOP', 'src', 'common', 'routing.js']",FI_1Q_TOPLogic,routeToCodeLayout,,,,
341,"['C:', 'Users', '이재원', 'Documents', 'fsCode', 'FI_TOP_1Q-feature', 'FI_1Q_TOP', 'src', 'common', 'routing.js']",FI_1Q_TOPLogic,routeToCompany,,,,
342,"['C:', 'Users', '이재원', 'Documents', 'fsCode', 'FI_TOP_1Q-feature', 'FI_1Q_TOP', 'src', 'common', 'routing.js']",FI_1Q_TOPLogic,routeToPRECCO,,,,
343,"['C:', 'Users', '이재원', 'Documents', 'fsCode', 'FI_TOP_1Q-feature', 'FI_1Q_TOP', 'src', 'common', 'routing.js']",FI_1Q_TOPLogic,routeToLedger,,,,
344,"['C:', 'Users', '이재원', 'Documents', 'fsCode', 'FI_TOP_1Q-feature', 'FI_1Q_TOP', 'src', 'common', 'routing.js']",FI_1Q_TOPLogic,routeToEmp,,,,
345,"['C:', 'Users', '이재원', 'Documents', 'fsCode', 'FI_TOP_1Q-feature', 'FI_1Q_TOP', 'src', 'common', 'routing.js']",FI_1Q_TOPLogic,routeToFixedAssetManageLayout,,,,
346,"['C:', 'Users', '이재원', 'Documents', 'fsCode', 'FI_TOP_1Q-feature', 'FI_1Q_TOP', 'src', 'common', 'routing.js']",FI_1Q_TOPLogic,routeToMainFS,,,,
347,"['C:', 'Users', '이재원', 'Documents', 'fsCode', 'FI_TOP_1Q-feature', 'FI_1Q_TOP', 'src', 'common', 'routing.js']",FI_1Q_TOPLogic,routeToClosing,,,,
348,"['C:', 'Users', '이재원', 'Documents', 'fsCode', 'FI_TOP_1Q-feature', 'FI_1Q_TOP', 'src', 'common', 'routing.js']",FI_1Q_TOPLogic,routeToCode,,,,
